RecordingId,Serial,Categories,TrafficStop
"66db88c0-af1c-21d6-4d30-215b944a9942",D01A2183M,"Call for service,Criminal Investigation",0
"66db953b-393c-8154-a38b-215b94503c42",D01A2954Y,"Call for service",0
"66db98c8-f4e7-502b-1767-215b94503c42",D01A2954Y,"Call for service",0
"66db9e37-5a01-c8ed-0404-215b94503c42",D01A2954Y,"Criminal Investigation",0
"66dba069-7071-cc04-098d-215b944be82c",D01A23298,"Call for service",0
"66dba8a7-8609-9d60-eeef-215b944a9942",D01A2183M,"Call for service",0
"66dbb03f-e599-7d68-28e9-215b944be82c",D01A23298,"Field Contact",0
"66dbb13a-7dcb-6b31-581f-215b94503c42",D01A2954Y,"Call for service",0
"66dbb2c7-3d73-3e50-bbe3-215b94503c42",D01A2954Y,"Call for service",0
"66dbb695-d701-4fc0-c332-215b944be82c",D01A23298,"Field Contact",0
"66dbc8fb-119b-a37d-5daf-215b94503c42",D01A2954Y,"Call for service",0
"66dbceb3-6f03-25cb-f6dc-215b94503c42",D01A2954Y,"Call for service",0
"66dbd76f-d715-a2c3-a81c-215b94503c42",D01A2954Y,Arrest,0
"66dbecf6-ae53-8cba-d017-215b94503c42",D01A2954Y,"Call for service",0
"66dc3dce-9dda-4e22-7e8e-215b944f9af3",D01A2899V,Arrest,0
"66dc4954-e437-c842-53a7-215b944be82c",D01A23298,"Arrest,Call for service",0
"66dc5781-e946-bdbe-037e-215b944be82c",D01A23298,"Call for service",0
"66dc639f-8600-432a-39ca-215b944f9af3",D01A2899V,"Call for service",0
"66dc6697-d112-d53f-199f-215b944f9af3",D01A2899V,"Call for service",0
"66dc7122-95f5-d664-3125-215b944f9af3",D01A2899V,"Call for service",0
"66dc7720-1ca1-7fb7-bc9c-215b944d6849",D01A2564P,"Call for service",0
"66dc8126-5bb9-9f3c-199d-215b944f9af3",D01A2899V,"Call for service",0
"66dc8183-3f33-030e-51ac-215b944be82c",D01A23298,"Accidental Recording",0
"66dc81bb-6f2b-4412-cdf2-215b944f7c6c",D01A2838S,"Call for service",0
"66dc81bf-e875-3268-35f0-215b944be82c",D01A23298,"Call for service",0
"66dc827f-7abc-b2d5-9931-215b944d6849",D01A2564P,"Call for service",0
"66dc8d6f-f33e-4d06-a0f4-215b944be82c",D01A23298,"Call for service,Arrest",0
"66dc8d7a-a5b8-b4fb-953d-215b944f7c6c",D01A2838S,Arrest,0
"66dc9187-50e8-ac63-7d09-215b944f9af3",D01A2899V,"Call for service",0
"66dc9244-3f7a-60fd-54f0-215b944d6849",D01A2564P,"Call for service",0
"66dc9291-c051-e646-fd26-215b944f7c6c",D01A2838S,"Call for service",0
"66dc95c2-3bd8-c900-e56e-215b944d6849",D01A2564P,"Call for service",0
"66dc9603-aa5a-de0e-333c-215b944f9af3",D01A2899V,"Call for service",0
"66dc9ee7-6fdf-7b6d-f638-215b944f9af3",D01A2899V,"Call for service",0
"66dca013-966d-a73b-0670-215b944d6849",D01A2564P,"Call for service",0
"66dcaaaf-a98f-b6ce-7a0b-215b944f9af3",D01A2899V,"Field Contact",0
"66dcaed7-397e-7c23-d77b-215b944f9af3",D01A2899V,"Field Contact",0
"66dcc6f1-f003-3025-bea4-215b944be82c",D01A23298,"Traffic Accident,Call for service",0
"66dcc76b-c00f-1534-d983-215b944f9af3",D01A2899V,"Traffic Accident",0
"66dccb08-e941-92b7-ffaf-215b944f9af3",D01A2899V,Arrest,0
"66dcd33a-6863-1979-52a3-215b94503c42",D01A2954Y,"Call for service",0
"66dd013a-208f-6f63-a229-215b94503c42",D01A2954Y,"Call for service",0
"66dd013d-d8fd-9812-a09a-215b944a9942",D01A2183M,"Call for service",0
"66dd0c3c-97a1-a314-6f75-215b944b36a4",D01A2236S,"Call for service",0
"66dd14d3-bcb6-4765-2684-215b944a9942",D01A2183M,"Call for service,Arrest",0
"66dd189f-6f60-fa91-2959-215b944a9942",D01A2183M,"Call for service",0
"66dd3616-c05e-2dd5-cb5c-215b94503c42",D01A2954Y,"Call for service",0
"66dd4d3d-02c7-3385-44ec-215b94503c42",D01A2954Y,"Call for service",0
"66dd4f13-cf9d-4a6e-607b-215b94503c42",D01A2954Y,"Call for service",0
"66dd4f23-7203-0824-4e07-215b944a9942",D01A2183M,"Call for service",0
"66dd50e5-029b-e509-8541-215b94503c42",D01A2954Y,"Accidental Recording",0
"66dd51af-6ce3-8914-4516-215b94503c42",D01A2954Y,"Call for service",0
"66dd51d0-7649-8f2d-a7f9-215b944a9942",D01A2183M,"Call for service",0
"66dd5460-7da4-9296-995e-215b94503c42",D01A2954Y,"Call for service",0
"66dd5875-da33-459d-416c-215b94503c42",D01A2954Y,"Call for service",0
"66dd6645-15d1-37e3-0817-215b94503c42",D01A2954Y,"Call for service",0
"66dd78ef-bcf1-6823-cd7b-215b944ecfc2",D01A2754Y,"Call for service",0
"66dd78f1-0beb-31f8-6d4c-215b944f9af3",D01A2899V,"Call for service",0
"66dd864c-2fc2-2a2f-43f1-215b944ecfc2",D01A2754Y,"Traffic Stop",1
"66dd8839-6a3c-73c8-1214-215b944ecfc2",D01A2754Y,"Traffic Stop",1
"66dd88b6-969c-9a5b-c292-215b944f9af3",D01A2899V,"Traffic Stop",1
"66dd8be2-a821-d876-296c-215b944ecfc2",D01A2754Y,"Call for service",0
"66dd8f44-6b1e-4c9e-0fa0-215b944ecfc2",D01A2754Y,"Call for service",0
"66dd8f5c-ee88-21dc-cc0e-215b944be82c",D01A23298,"Accidental Recording",0
"66dd8fed-c373-a5fa-9402-215b944ecfc2",D01A2754Y,"Call for service",0
"66dd9630-03b0-13b8-7c2f-215b944ecfc2",D01A2754Y,"Traffic Stop",1
"66dd96f6-9b0d-4219-38bd-215b944be82c",D01A23298,"Traffic Stop",1
"66dd9dba-eb62-483d-868f-215b944f9af3",D01A2899V,"Traffic Stop",1
"66dda25c-0e80-b914-bdc1-215b944f9af3",D01A2899V,"Field Contact",0
"66dda93a-c9dc-6f29-b2f9-215b944f9af3",D01A2899V,"Criminal Investigation",0
"66ddacd1-edea-6177-b76d-215b944ecfc2",D01A2754Y,"Traffic Stop",1
"66ddae7f-34da-93ec-41aa-215b944ecfc2",D01A2754Y,"Call for service",0
"66ddb008-ce37-5c3e-d116-215b944ecfc2",D01A2754Y,"Traffic Stop",1
"66ddb412-cb77-e911-272a-215b944ecfc2",D01A2754Y,"Traffic Stop",1
"66ddba16-f82a-772c-b91a-215b944f9af3",D01A2899V,"Traffic Stop",1
"66ddba5f-0db6-22ba-b2fa-215b944ecfc2",D01A2754Y,"Traffic Stop",1
"66ddbadc-b0bb-a332-0dc3-215b944be82c",D01A23298,"Traffic Stop",1
"66ddbfa6-3289-8e4f-c5dd-215b944ecfc2",D01A2754Y,"Call for service",0
"66ddc0a0-6b1b-9112-125f-215b944be82c",D01A23298,"Call for service",0
"66ddc124-b0b5-33ae-aec3-215b944f7c6c",D01A2838S,"Call for service",0
"66ddc209-f779-0dc9-e9d6-215b944ecfc2",D01A2754Y,"Call for service",0
"66ddc619-d5f3-16f3-9e86-215b944ecfc2",D01A2754Y,"Traffic Stop",1
"66ddc73b-40fd-6b49-798c-215b944ecfc2",D01A2754Y,"Traffic Stop",1
"66ddc749-0f7b-53a9-4d77-215b944be82c",D01A23298,"Traffic Stop",1
"66ddcd4f-aed2-5319-5112-215b944be82c",D01A23298,"Call for service",0
"66ddd321-59f5-a5eb-daa2-215b944be82c",D01A23298,"Call for service",0
"66ddd34a-d09b-456d-ee64-215b944ecfc2",D01A2754Y,"Call for service",0
"66dde554-a640-7643-1166-215b944d6849",D01A2564P,"Call for service",0
"66ddeb16-e644-67c5-7ef1-215b944ecfc2",D01A2754Y,"Traffic Stop",1
"66ddebd0-adbe-92de-07c7-215b944be82c",D01A23298,"Traffic Stop",1
"66ddebff-1cc6-f228-f9b7-215b944f9af3",D01A2899V,"Traffic Stop",1
"66ddec1f-2170-245e-5c4c-215b944d6849",D01A2564P,"Call for service",0
"66ddf1e3-c7bf-a569-685a-215b944ecfc2",D01A2754Y,"Traffic Stop",1
"66ddf2b7-48f1-b94e-ad52-215b944f9af3",D01A2899V,"Traffic Stop",1
"66ddfbf4-2ed7-235f-2f50-215b944be82c",D01A23298,"Traffic Stop",1
"66ddfbfc-d688-6d36-ecac-215b944ecfc2",D01A2754Y,"Traffic Stop",1
"66ddfd4a-1415-50ff-7e87-215b944d6849",D01A2564P,"Traffic Stop",1
"66de0005-4d2b-14f8-6ef4-215b944f9af3",D01A2899V,"Traffic Stop",1
"66de0258-06c7-b731-c607-215b944be82c",D01A23298,"Traffic Stop",1
"66de0495-cf6f-472f-284b-215b944ecfc2",D01A2754Y,"Traffic Stop",1
"66de0523-e5e3-90cc-061d-215b944be82c",D01A23298,"Traffic Stop",1
"66de0539-24cd-cf72-397f-215b944f9af3",D01A2899V,"Traffic Stop",1
"66de0be8-bb6b-54cb-c9ea-215b944f9af3",D01A2899V,"Traffic Stop",1
"66de0e5a-2820-440d-9edf-215b944ecfc2",D01A2754Y,"Traffic Stop",1
"66de2be0-1573-26b6-5d5c-215b944ed040",D01A2758G,"Call for service",0
"66de2de8-12b2-4668-3b73-215b944d681b",D01A2563F,"Call for service",0
"66de309b-de84-a9ba-d631-215b944d681b",D01A2563F,"Call for service",0
"66de30bc-2a5f-bc08-860e-215b944ed040",D01A2758G,"Call for service",0
"66de3bfd-08fc-d720-4afc-215b944d681b",D01A2563F,"Call for service",0
"66de3c78-f0f7-cc98-f194-215b944ed040",D01A2758G,"Call for service",0
"66de409f-a812-fa21-7ae4-215b944d681b",D01A2563F,"Call for service",0
"66de4199-33aa-bcea-68cc-215b944ed040",D01A2758G,"Call for service",0
"66de42e5-8249-82ab-785b-215b94822644",D01A4796S,"Call for service",0
"66de43c6-1f7c-dcf0-daa3-215b944ed040",D01A2758G,Arrest,0
"66de4f4d-04f2-9590-1376-215b944d681b",D01A2563F,"Call for service",0
"66de5e87-8c46-323a-665e-215b94822644",D01A4796S,"Traffic Stop",1
"66de5ff0-9dcc-87f8-6be0-215b94822644",D01A4796S,"Call for service,Domestic Battery",0
"66de6021-a56f-0315-3754-215b944d681b",D01A2563F,"Call for service",0
"66de778d-45f5-a902-a071-215b944d681b",D01A2563F,"Traffic Stop",1
"66de7870-3c59-c902-7aa9-215b94822644",D01A4796S,"Traffic Stop",1
"66de7aa4-c8ff-a61b-344b-215b94822644",D01A4796S,"Internal Investigation",0
"66de7aa6-4111-aa7b-5428-215b944ed040",D01A2758G,"Arrest,Traffic Stop",1
"66de92f0-2156-59cb-1a42-215b944d681b",D01A2563F,"Call for service",0
"66deb267-d887-4e72-e288-215b944ed040",D01A2758G,"Traffic Stop",1
"66deef45-260b-8066-6c33-215b945028a4",D01A2919G,"Call for service",0
"66def104-2801-2f05-c86d-215b944bec0d",D01A2330T,"Call for service",0
"66def108-df36-5191-cf8a-215b944b31bb",D01A2227V,"Call for service",0
"66defcdb-57aa-3b78-2924-215b945028a4",D01A2919G,"Call for service",0
"66df01d6-4907-47a5-8964-215b944b31bb",D01A2227V,"Call for service",0
"66df01e0-6b13-9b5d-d366-215b944bec0d",D01A2330T,"Call for service",0
"66df0907-e5b3-1244-056f-215b945028a4",D01A2919G,"Call for service",0
"66df22da-8e9d-b808-e97c-215b945028a4",D01A2919G,"Call for service",0
"66df2ed8-5a65-6d4d-bde0-215b944f8fc8",D01A2872G,"Accidental Recording",0
"66df38d4-8dc5-4b2c-1b37-215b945028a4",D01A2919G,"Traffic Stop",1
"66df3ea4-9f9c-9474-2785-215b944bec0d",D01A2330T,"Call for service",0
"66df3f48-b6ac-a576-b778-215b945028a4",D01A2919G,"Call for service",0
"66df42fa-1131-66d4-de96-215b945028a4",D01A2919G,"Call for service",0
"66df44d9-619e-8f2b-4240-215b944bec0d",D01A2330T,"Call for service",0
"66df450f-0f76-f945-ff5b-215b945028a4",D01A2919G,"Call for service",0
"66df45bc-4cb4-8cbd-a946-215b944bec0d",D01A2330T,"Call for service",0
"66df47d8-a91e-cd74-5da9-215b944b5456",D01A2291Y,"Traffic Stop",1
"66df4fb9-11e9-b694-7a27-215b944d681b",D01A2563F,"Traffic Stop",1
"66df526d-f8f3-f5f9-89d8-215b944bec0d",D01A2330T,"Call for service",0
"66df541c-82d5-3f74-c31c-215b945028a4",D01A2919G,"Call for service",0
"66df5807-901e-6456-3909-215b944bec0d",D01A2330T,"Call for service",0
"66df7667-4ecd-54c6-8296-215b945028a4",D01A2919G,"Call for service",0
"66df7b37-8dec-448b-c1e2-215b94822644",D01A4796S,"Traffic Stop",1
"66df7c40-876e-2646-99c0-215b944d681b",D01A2563F,"Call for service",0
"66df84ea-c26d-76fa-0142-215b94822644",D01A4796S,"Call for service",0
"66df8737-2b41-7b1a-ce7d-215b944d681b",D01A2563F,"Call for service",0
"66df891e-78a7-1877-ffea-215b94822644",D01A4796S,"Call for service",0
"66df894c-353c-e713-70ca-215b944d681b",D01A2563F,"Call for service",0
"66df8ddf-afbc-224e-1794-215b944d681b",D01A2563F,"Traffic Stop",1
"66df9c8b-ff2d-d84a-cde2-215b944ed040",D01A2758G,"Call for service",0
"66df9dc0-efc5-628e-53d7-215b944d681b",D01A2563F,"Call for service",0
"66df9dc4-5832-29de-7b6a-215b94822644",D01A4796S,"Call for service",0
"66dfa050-91ca-63ad-bdd2-215b944ed040",D01A2758G,"Call for service",0
"66dfa650-19df-518a-fe59-215b944d681b",D01A2563F,"Traffic Stop",1
"66dfb7d3-3ddf-bd29-b679-215b94822644",D01A4796S,"Call for service",0
"66dfbef2-50c2-d051-5080-215b944d681b",D01A2563F,"Call for service",0
"66dfd306-3834-ba91-575a-215b94822644",D01A4796S,"Call for service",0
"66dfe374-5df9-5fb2-839e-215b944ed040",D01A2758G,"Traffic Stop",1
"66dfe887-d8a4-cc76-532a-215b944ed040",D01A2758G,"Traffic Stop",1
"66dff18f-bda2-c4ea-b6a4-215b944ed040",D01A2758G,"Traffic Stop",1
"66e053f4-b2ef-64f9-1618-215b944bec0d",D01A2330T,"Call for service",0
"66e058cb-7f28-fb0a-3a9b-215b945028a4",D01A2919G,"Call for service",0
"66e05996-5997-8ff2-2774-215b945028a4",D01A2919G,"Call for service",0
"66e0642c-42a9-2c81-aa14-215b944bec0d",D01A2330T,"Arrest,Domestic Battery",0
"66e06462-2a44-c8fc-1222-215b945028a4",D01A2919G,"Call for service",0
"66e0652d-bde6-3f2e-d302-215b945040bf",D01A2960V,"Call for service",0
"66e0657e-f5ec-50ec-826b-215b944f8fc8",D01A2872G,Arrest,0
"66e068f0-fe9e-16b5-c3b6-215b944bec0d",D01A2330T,"Call for service",0
"66e068fb-10a9-8898-a9d7-215b945040bf",D01A2960V,"Call for service",0
"66e06a61-aff0-99f1-7378-215b944bec0d",D01A2330T,"Traffic Stop",1
"66e074ba-37c5-3fc9-6802-215b945028a4",D01A2919G,"Traffic Stop",1
"66e07c57-30df-517b-5659-215b945028a4",D01A2919G,"Call for service",0
"66e08e0a-ace9-eb75-460f-215b945028a4",D01A2919G,"Traffic Stop",1
"66e091e9-6ede-8200-afd2-215b945028a4",D01A2919G,"Call for service",0
"66e0ca14-7d1c-8964-d409-215b94503c42",D01A2954Y,"Call for service",0
"66e0cbe9-87f9-b341-44fa-215b94503c42",D01A2954Y,"Call for service",0
"66e0e9dc-398c-e3dd-9e33-215b94503c42",D01A2954Y,"Arrest,Call for service,Criminal Investigation",0
"66e0e9de-4e0a-66e2-67f6-215b944a9942",D01A2183M,"Call for service,Domestic Battery",0
"66e0ee5e-46e1-3229-0797-215b944a9942",D01A2183M,"Call for service,Criminal Investigation,Domestic Battery",0
"66e0f372-2db7-07c9-1ae3-215b944a9942",D01A2183M,"Civilian Complaint,Domestic Battery,Call for service",0
"66e105ad-11e3-2b31-8c06-215b94503c42",D01A2954Y,Arrest,0
"66e12ec8-dd10-3715-3f99-215b94503c42",D01A2954Y,"Call for service",0
"66e132ad-1ea9-ba2f-5889-215b94503c42",D01A2954Y,"Call for service",0
"66e1737c-479c-3ac7-c2b6-215b944ecfc2",D01A2754Y,"Traffic Stop",1
"66e174e8-e30b-e6f6-02cb-215b944be82c",D01A23298,"Traffic Stop",1
"66e174f1-1b1b-5002-ac84-215b944ecfc2",D01A2754Y,"Traffic Stop",1
"66e1802f-1279-953b-4302-215b944be82c",D01A23298,"Call for service",0
"66e18dc2-0006-68db-e05d-215b944be82c",D01A23298,"Traffic Stop",1
"66e193d2-0854-a710-ff82-215b944ecfc2",D01A2754Y,"Traffic Stop",1
"66e1995d-d4a7-061b-b1d1-215b945040bf",D01A2960V,"Call for service",0
"66e1a0d6-ceca-196d-1bdd-215b944be82c",D01A23298,"Arrest,Call for service",0
"66e1b2d6-150a-1090-499e-215b944be82c",D01A23298,"Accidental Recording",0
"66e1b2d6-9c60-5ce7-1b96-215b945040bf",D01A2960V,"Accidental Recording",0
"66e1b2d6-ad50-3999-324c-215b944ecfc2",D01A2754Y,"Call for service",0
"66e1b559-fe69-9d06-b5fb-215b945040bf",D01A2960V,"Call for service",0
"66e1b797-da45-beb7-d63b-215b944f7c6c",D01A2838S,"Call for service",0
"66e1c369-3b57-99b7-addf-215b944d6849",D01A2564P,"Call for service",0
"66e1c72f-897f-c0da-0872-215b945040bf",D01A2960V,"Traffic Stop",1
"66e1cb83-e1eb-cecb-33fb-215b944d6849",D01A2564P,Arrest,0
"66e1cb9a-09ac-bbc1-689f-215b944be82c",D01A23298,"Call for service,Arrest",0
"66e1cbeb-0f93-5ce5-8f02-215b944f9af3",D01A2899V,"Call for service",0
"66e1cc14-fe22-622e-b6c9-215b944ecfc2",D01A2754Y,"Call for service",0
"66e1ccae-1463-6f5f-b079-215b945040bf",D01A2960V,"Call for service",0
"66e1cfb9-c6c4-5250-fba6-215b944f9af3",D01A2899V,"Call for service",0
"66e1d02f-82bc-e008-0378-215b944d6849",D01A2564P,"Call for service",0
"66e1d21d-95a4-1f72-4344-215b944d6849",D01A2564P,"Call for service",0
"66e1d280-8648-acf4-addb-215b944be82c",D01A23298,"Call for service",0
"66e1d28c-ba89-47b5-affa-215b944f7c6c",D01A2838S,"Call for service",0
"66e1d61a-1f9b-e4e4-0357-215b944ecfc2",D01A2754Y,"Call for service",0
"66e1d6a9-d091-b675-b3bf-215b944be82c",D01A23298,"Call for service",0
"66e1d6dc-2f99-b6dc-e8c1-215b944f9af3",D01A2899V,"Call for service",0
"66e1d9ee-7f4b-d7b6-c140-215b944be82c",D01A23298,"Traffic Stop",1
"66e1da70-3053-6f38-a186-215b944ecfc2",D01A2754Y,"Traffic Stop",1
"66e1e494-ac50-99ae-3d9a-215b944f9af3",D01A2899V,"Traffic Stop",1
"66e1f205-34f9-8bbf-894b-215b944f9af3",D01A2899V,"Traffic Stop",1
"66e1f355-5169-bbed-c095-215b944ecfc2",D01A2754Y,Arrest,0
"66e204bb-5cb1-5a57-ce13-215b944f9af3",D01A2899V,"Call for service",0
"66e208c5-50c0-519f-6411-215b944ecfc2",D01A2754Y,"Traffic Stop",1
"66e20a4c-3cb8-44f8-b72e-215b944f9af3",D01A2899V,"Call for service",0
"66e22ee8-9aad-a62d-b1c7-215b944a9942",D01A2183M,"Traffic Stop,Arrest",1
"66e22eeb-75e2-09d8-215f-215b94503c42",D01A2954Y,"Arrest,Traffic Stop",1
"66e23777-c2da-5fa7-8bf2-215b94503c42",D01A2954Y,"Traffic Stop,Arrest",1
"66e23d05-9579-37c8-2a36-215b94503c42",D01A2954Y,"Call for service",0
"66e25a06-3ef1-14d3-e90f-215b944a9942",D01A2183M,"Arrest,Call for service",0
"66e25b17-1de1-8c17-22b8-215b94503c42",D01A2954Y,"Call for service",0
"66e25dc7-4cf9-36c8-6c10-215b94503c42",D01A2954Y,"Call for service,Arrest",0
"66e2617b-cdfe-d530-2a49-215b944a9942",D01A2183M,"Call for service",0
"66e26529-84cc-3037-2f4f-215b94503c42",D01A2954Y,Arrest,0
"66e270cc-bb1b-cbe1-125e-215b94503c42",D01A2954Y,"Call for service",0
"66e2855c-998e-0339-5f93-215b94503c42",D01A2954Y,"Call for service",0
"66e2a178-8940-a51f-6105-215b94503c42",D01A2954Y,"Arrest,Call for service",0
"66e2ca7e-257b-92aa-d0f4-215b944be82c",D01A23298,"Call for service",0
"66e2e42c-2032-9485-8fb5-215b944be82c",D01A23298,"Call for service",0
"66e2ed2c-8545-61ef-656c-215b944be82c",D01A23298,"Call for service",0
"66e2f54b-1eef-a57f-14ed-215b944f9af3",D01A2899V,"Call for service",0
"66e2faa6-9a57-8794-cfbe-215b944f9af3",D01A2899V,"Traffic Stop",1
"66e301bf-60c4-b0ab-7f89-215b944ecfc2",D01A2754Y,"Traffic Stop",1
"66e30584-16ae-ba6e-512c-215b944d6849",D01A2564P,"Traffic Stop",1
"66e305b4-c519-ceee-2e5d-215b944ecfc2",D01A2754Y,"Traffic Stop",1
"66e305eb-559b-2761-33cd-215b944be82c",D01A23298,"Traffic Stop",1
"66e30ef6-f6d6-5181-c545-215b944d6849",D01A2564P,"Call for service",0
"66e3108e-0a22-21e4-cd65-215b945040bf",D01A2960V,"Call for service",0
"66e31098-864f-781c-7505-215b944f9af3",D01A2899V,"Call for service",0
"66e310a5-9f10-b0f1-8000-215b944be82c",D01A23298,"Call for service",0
"66e32164-8f60-ad02-43e4-215b945040bf",D01A2960V,"Traffic Stop",1
"66e3225a-4822-a272-d2ca-215b944be82c",D01A23298,"Traffic Stop",1
"66e32523-65ca-7b13-0914-215b944f9af3",D01A2899V,"Call for service",0
"66e32b28-c539-0d4e-6ebd-215b944be82c",D01A23298,"Call for service",0
"66e32bdc-fad5-74bf-9fcd-215b944d6849",D01A2564P,"Call for service",0
"66e32ce2-cfd7-26c2-8a2f-215b944f9af3",D01A2899V,"Call for service",0
"66e32d09-22cb-3002-b96b-215b944ecfc2",D01A2754Y,"Call for service",0
"66e330af-2f35-3262-a8cd-215b944be82c",D01A23298,"Call for service",0
"66e33149-dcc2-0365-c11b-215b944f9af3",D01A2899V,"Call for service",0
"66e3334f-f0fd-3f63-6109-215b944ecfc2",D01A2754Y,"Call for service",0
"66e33743-d089-9209-8565-215b944f9af3",D01A2899V,"Traffic Stop",1
"66e33865-7d86-dc15-b6da-215b944ecfc2",D01A2754Y,"Traffic Stop",1
"66e34374-0e53-3c80-d58d-215b944be82c",D01A23298,"Traffic Stop",1
"66e344f5-6e30-d5d3-0af6-215b944f9af3",D01A2899V,"Traffic Stop",1
"66e3451b-8a5f-30e4-8b77-215b944ecfc2",D01A2754Y,"Call for service",0
"66e3463f-4b3b-d13f-3fe8-215b944d6849",D01A2564P,"Call for service",0
"66e3467f-f262-f958-bfc1-215b944be82c",D01A23298,"Call for service,Traffic Accident",0
"66e34687-acd6-e73c-d705-215b945040bf",D01A2960V,"Traffic Accident",0
"66e346a7-2675-9b9f-d108-215b944ecfc2",D01A2754Y,"Call for service",0
"66e348cc-5bc8-672b-0ecc-215b944ecfc2",D01A2754Y,"Traffic Stop",1
"66e34d9b-4ac3-38a8-9a5b-215b944ecfc2",D01A2754Y,"Traffic Stop",1
"66e35240-999b-7f73-2cff-215b944ecfc2",D01A2754Y,"Call for service",0
"66e352b2-887d-c45c-5fa7-215b944d6849",D01A2564P,"Call for service",0
"66e3561c-f70c-1903-e229-215b944ecfc2",D01A2754Y,"Traffic Stop",1
"66e35ac2-1331-d5c3-d706-215b944be82c",D01A23298,"Call for service",0
"66e35b44-ddf4-b874-8a37-215b944ecfc2",D01A2754Y,"Call for service",0
"66e36466-f7da-e2cb-7a76-215b944ecfc2",D01A2754Y,"Call for service",0
"66e37736-c0d0-6cc8-b9c7-215b94822644",D01A4796S,"Call for service",0
"66e37dff-de0a-34bd-6028-215b944d681b",D01A2563F,"Accidental Recording",0
"66e37e00-a360-ba2d-ca46-215b944ed040",D01A2758G,"Accidental Recording",0
"66e37fd9-7c46-cdcc-d40e-215b944ed040",D01A2758G,"Traffic Stop",1
"66e37fd9-bd0e-c36d-08fa-215b944d681b",D01A2563F,"Traffic Stop",1
"66e38261-df2e-1f92-760c-215b944ed040",D01A2758G,"Traffic Stop",1
"66e38339-4c9d-d291-263e-215b944d681b",D01A2563F,"Call for service",0
"66e38440-937f-3724-eecf-215b944d681b",D01A2563F,"Call for service",0
"66e38b1e-4bbb-cce8-86f0-215b944d681b",D01A2563F,"Traffic Stop",1
"66e39b5b-d2a0-f354-fb0b-215b944d681b",D01A2563F,"Call for service",0
"66e3b29e-5d27-966b-3870-215b944d681b",D01A2563F,"Call for service",0
"66e3b457-1df3-340f-846e-215b944d681b",D01A2563F,"Call for service",0
"66e3b655-4ee5-8f9f-0950-215b944d681b",D01A2563F,"Traffic Stop",1
"66e3b8ee-2c8c-80a2-ce48-215b94822644",D01A4796S,"Traffic Stop",1
"66e3b90f-a4ab-9d56-4232-215b944ed040",D01A2758G,"Traffic Stop",1
"66e3c743-c206-faa8-22d7-215b94822644",D01A4796S,"Call for service",0
"66e3c7f3-4026-4cfc-225b-215b944d681b",D01A2563F,"Call for service",0
"66e3c7fd-3580-5596-b00a-215b94822644",D01A4796S,"Call for service",0
"66e3c805-a048-bcc4-e6e3-215b944ed040",D01A2758G,"Field Contact",0
"66e3d235-2d1b-0810-17bf-215b94822644",D01A4796S,"Traffic Stop",1
"66e3d622-3b99-8f90-101e-215b944b5456",D01A2291Y,"Call for service",0
"66e3d642-e6f2-e861-1d1c-215b944ed040",D01A2758G,"Call for service",0
"66e3decb-80f4-d640-cfec-215b944d681b",D01A2563F,"Call for service",0
"66e3e871-6c7e-bba9-415e-215b944d681b",D01A2563F,"Call for service",0
"66e3ef99-4e69-9788-44c3-215b944d681b",D01A2563F,"Call for service",0
"66e40031-2a03-fe66-b82d-215b944d681b",D01A2563F,"Accidental Recording",0
"66e42aee-b3d1-5ccd-925a-215b944b31bb",D01A2227V,"Call for service",0
"66e44231-508c-eb10-643f-215b944b31bb",D01A2227V,"Accidental Recording,Call for service",0
"66e4501b-e94b-0af2-897b-215b945040bf",D01A2960V,"Call for service",0
"66e45a8f-d6f0-ff08-5348-215b945040bf",D01A2960V,"Call for service",0
"66e46476-f9e2-3bd1-e83e-215b945040bf",D01A2960V,"Call for service",0
"66e47832-4420-8826-7091-215b944ebc24",D01A2719G,"Traffic Stop",1
"66e48880-eda0-8228-ea06-215b945040bf",D01A2960V,"Call for service",0
"66e4ad91-0430-dbd6-8ef0-215b944a9942",D01A2183M,"Accidental Recording",0
"66e4ad91-3b79-816a-306b-215b944b31bb",D01A2227V,"Traffic Stop",1
"66e4bee0-fd45-a901-42f2-215b94822644",D01A4796S,"Traffic Stop",1
"66e4bf14-8163-4df9-e391-215b944ed040",D01A2758G,"Traffic Stop",1
"66e4c7d6-554a-4557-4a38-215b944d681b",D01A2563F,"Traffic Stop",1
"66e4ca0e-3ec4-8eb9-ef8e-215b944ed040",D01A2758G,"Call for service,Traffic Accident",0
"66e4ca16-0d06-c8b5-a71f-215b94822644",D01A4796S,"Traffic Accident",0
"66e4cff5-d965-3f67-5973-215b944b5456",D01A2291Y,"Arrest,Call for service,Domestic Battery",0
"66e4d010-a870-1665-3568-215b94822644",D01A4796S,"Call for service",0
"66e4e277-8a80-ccc4-452d-215b944d681b",D01A2563F,"Traffic Stop",1
"66e4e3bc-6d19-54f8-51a6-215b944d681b",D01A2563F,"Accidental Recording",0
"66e4e9d4-65e6-d27c-be04-215b944d681b",D01A2563F,"Call for service",0
"66e4ef58-d40c-5237-84e7-215b944d681b",D01A2563F,"Traffic Stop",1
"66e4ef5d-a0bd-ac16-b5c9-215b944ed040",D01A2758G,"Traffic Stop",1
"66e4ef66-2235-88c4-ecb9-215b94822644",D01A4796S,"Traffic Stop",1
"66e4f80f-543a-aae8-4f6d-215b94822644",D01A4796S,"Call for service,Criminal Investigation",0
"66e4f890-1b2e-66e3-b976-215b944ed040",D01A2758G,"Call for service",0
"66e4fad7-418d-6a70-abb7-215b94822644",D01A4796S,"Traffic Stop",1
"66e50a90-d6e8-f421-8a83-215b944ed040",D01A2758G,"DUI,Traffic Accident,Arrest",0
"66e50b88-72db-60b6-28ac-215b94822644",D01A4796S,"DUI,Arrest,Call for service",0
"66e50bec-5664-bebc-036a-215b944d681b",D01A2563F,"Traffic Accident",0
"66e5199f-0af4-ea55-3ea7-215b94822644",D01A4796S,"Call for service",0
"66e51a81-33af-0398-e8a7-215b94822644",D01A4796S,"Call for service",0
"66e52e19-3f41-c2e5-2090-215b944b5456",D01A2291Y,"Traffic Stop",1
"66e52e3e-03df-e502-cf51-215b944d681b",D01A2563F,"Traffic Stop",1
"66e52e75-14fd-af31-9e1e-215b94822644",D01A4796S,"DUI,Traffic Stop",1
"66e5312c-8d2e-a21c-bd27-215b944ed040",D01A2758G,"Traffic Stop",1
"66e583ca-b212-b76b-af3c-215b944be82c",D01A23298,"Arrest,Call for service",0
"66e5bcb7-aaf8-6abf-f2b6-215b944a9942",D01A2183M,"Call for service",0
"66e5bd70-d07c-668d-8f5a-215b944b31bb",D01A2227V,"Call for service",0
"66e5f8e1-744b-b173-e30a-215b944be82c",D01A23298,"Call for service",0
"66e60b7d-2e73-62b5-252e-215b944d681b",D01A2563F,"Call for service",0
"66e60bca-c235-202e-70e4-215b944d681b",D01A2563F,"Accidental Recording",0
"66e60d2e-7273-a1df-1a9c-215b944d681b",D01A2563F,"Field Contact",0
"66e611e9-ed9c-82d6-8715-215b944d681b",D01A2563F,"Call for service",0
"66e615b5-dc1a-1b97-1b55-215b944ed040",D01A2758G,"Arrest,Field Contact",0
"66e620f8-78bb-1cc1-a484-215b944d681b",D01A2563F,"Field Contact",0
"66e62201-19ef-8e13-51ac-215b944be82c",D01A23298,"Traffic Stop",1
"66e622c1-a531-1bd1-02b9-215b944d681b",D01A2563F,"Traffic Stop",1
"66e622d7-3ad4-1e3a-6c21-215b944ed040",D01A2758G,"Call for service",0
"66e622df-e449-3646-1c06-215b94822644",D01A4796S,"Call for service",0
"66e62349-c3fe-5738-f30e-215b944be82c",D01A23298,"Traffic Stop",1
"66e623dc-ba9c-345d-943f-215b944ed040",D01A2758G,"Traffic Stop",1
"66e62a34-ca58-1781-de4a-215b94822644",D01A4796S,"Traffic Stop",1
"66e62b5e-9ce2-aacf-bf94-215b944d681b",D01A2563F,"Traffic Stop",1
"66e62b73-7c95-ff4f-9a9c-215b944ed040",D01A2758G,"Traffic Stop",1
"66e62d76-5ee3-77ab-58f0-215b944d681b",D01A2563F,"Accidental Recording",0
"66e62ddc-bffd-5517-4e5b-215b944d681b",D01A2563F,"Traffic Stop",1
"66e6319e-585f-a50f-3bc3-215b944ed040",D01A2758G,"Traffic Stop",1
"66e6367b-1a99-0888-01ac-215b944d681b",D01A2563F,"Call for service",0
"66e63691-72ea-5ac6-7485-215b944ed040",D01A2758G,"Call for service",0
"66e63808-a336-25ec-7a95-215b944d681b",D01A2563F,"Call for service",0
"66e63825-b27d-1f0d-674a-215b94822644",D01A4796S,"Domestic Battery,Call for service",0
"66e63ead-9d4f-9410-6fa1-215b944d681b",D01A2563F,"Call for service",0
"66e63fe5-9bd9-992c-03df-215b944d681b",D01A2563F,"Traffic Stop",1
"66e64044-c670-ce90-42d6-215b944ed040",D01A2758G,"Traffic Stop",1
"66e6411e-0534-5be8-d494-215b944d681b",D01A2563F,"Field Contact",0
"66e64360-28aa-91c1-ee75-215b944d681b",D01A2563F,"Field Contact",0
"66e64879-0ceb-febf-a539-215b94822644",D01A4796S,"Call for service",0
"66e64ec8-2ae7-89c1-dbbb-215b944d681b",D01A2563F,"Accidental Recording",0
"66e6518d-eee9-cb7d-6ff8-215b944ed040",D01A2758G,"Traffic Stop",1
"66e651bb-a134-4251-ccc6-215b944d681b",D01A2563F,"Traffic Stop",1
"66e6521b-f6f5-2f81-873e-215b944ed040",D01A2758G,"Field Contact",0
"66e653cf-c8a4-72cb-3e27-215b944ed040",D01A2758G,"Domestic Battery,Field Contact",0
"66e65422-2204-1361-2104-215b94822644",D01A4796S,"Call for service",0
"66e65846-94c2-22d2-e03b-215b944d681b",D01A2563F,"Call for service",0
"66e65870-5a33-c571-3efa-215b944ed040",D01A2758G,"Call for service",0
"66e658a5-655f-330c-318e-215b94822644",D01A4796S,"Call for service",0
"66e65922-1bb6-2a93-ec5b-215b944d681b",D01A2563F,"Accidental Recording",0
"66e65947-2250-98be-a6d3-215b94822644",D01A4796S,"Call for service",0
"66e65ac5-6bcb-ae10-7a21-215b944be82c",D01A23298,"Call for service",0
"66e65acc-7842-1620-6a1b-215b944ed040",D01A2758G,"Call for service",0
"66e65add-3cd9-aaba-794a-215b94822644",D01A4796S,"Call for service",0
"66e65b19-308c-1e20-b35e-215b944d681b",D01A2563F,"Call for service",0
"66e65e00-dca0-4feb-c6de-215b944be82c",D01A23298,"Traffic Stop",1
"66e65edf-d86e-f08b-1ae2-215b944ed040",D01A2758G,"Field Contact",0
"66e65f32-2da1-9319-3131-215b945040bf",D01A2960V,"Call for service",0
"66e65f69-bdcd-c593-0220-215b94822644",D01A4796S,"Field Contact",0
"66e66e67-bf1c-c6f5-f714-215b944ed040",D01A2758G,"Field Contact",0
"66e66e9e-ae54-ce2a-199f-215b944d681b",D01A2563F,"Call for service",0
"66e66ea8-40b8-eb03-e1d5-215b944ed040",D01A2758G,"Field Contact",0
"66e68512-55f9-3a08-ae5a-215b94822644",D01A4796S,"Call for service,Domestic Battery",0
"66e68513-5f6c-85e3-e22b-215b944ed040",D01A2758G,"Call for service",0
"66e68515-510a-3229-16c6-215b945040bf",D01A2960V,"Call for service",0
"66e68515-fd22-87b6-90f9-215b944d681b",D01A2563F,"Call for service",0
"66e698a9-5fab-bd70-f08e-215b944ed040",D01A2758G,"Traffic Stop",1
"66e699c4-e51f-4d6a-5582-215b944ed040",D01A2758G,"Traffic Stop",1
"66e69eaf-9170-4f7f-e093-215b944ed040",D01A2758G,"Traffic Stop",1
"66e6d8d3-d151-1632-118a-215b944b31bb",D01A2227V,"Call for service",0
"66e7256a-04e8-dd7d-160d-215b944be82c",D01A23298,"Traffic Stop",1
"66e77b1e-0794-4912-11d0-215b94503c42",D01A2954Y,"Call for service,Arrest",0
"66e77fa3-ea6c-4a82-8264-215b944a9942",D01A2183M,"Arrest,Call for service",0
"66e79ab8-40f9-5f61-c496-215b944be82c",D01A23298,"Call for service",0
"66e79b7b-2e67-61a9-8c91-215b94503c42",D01A2954Y,"Call for service",0
"66e7ca22-7078-d1f3-9b9c-215b944a9942",D01A2183M,"Call for service",0
"66e80d12-8b0b-490c-9254-215b944f9af3",D01A2899V,"Call for service",0
"66e80d54-ce3a-4043-de8d-215b944ecfc2",D01A2754Y,"Call for service",0
"66e80d5e-0fd7-bf70-2168-215b944f7c6c",D01A2838S,"Call for service",0
"66e816c7-b792-c468-7487-215b944f9af3",D01A2899V,"Call for service",0
"66e8172c-b9ad-f6f2-53a5-215b944ecfc2",D01A2754Y,"Call for service",0
"66e81b3a-5c53-3078-ef51-215b944ecfc2",D01A2754Y,"Call for service",0
"66e83560-b486-8ed6-7f06-215b944ecfc2",D01A2754Y,"Traffic Accident",0
"66e835c8-091b-b3a8-c3d4-215b944f7c6c",D01A2838S,"Traffic Accident",0
"66e83a5c-4b29-6900-6d64-215b944be82c",D01A23298,"Arrest,Strip Search",0
"66e83a5c-5b7d-3ccf-1ced-215b944f7c6c",D01A2838S,"Strip Search",0
"66e83bfc-0a77-0516-da5a-215b944f9af3",D01A2899V,"Call for service",0
"66e83d6e-8d8c-c996-6bdf-215b944be82c",D01A23298,"Call for service",0
"66e83ea2-328f-3592-c9d0-215b944ecfc2",D01A2754Y,"Traffic Accident",0
"66e83f90-183d-3a96-3c45-215b944f9af3",D01A2899V,Arrest,0
"66e852fc-5e79-2ffe-a7fb-215b944ecfc2",D01A2754Y,"Call for service",0
"66e8530c-004a-bffe-bc35-215b944f9af3",D01A2899V,"Call for service",0
"66e854d5-ccb8-19f9-24b7-215b944f7c6c",D01A2838S,"Call for service",0
"66e863aa-0f03-8003-2f5c-215b944ecfc2",D01A2754Y,"Traffic Stop",1
"66e86404-fb68-4038-0b39-215b944be82c",D01A23298,"Traffic Accident",0
"66e8772a-8ef4-107c-1485-215b944be82c",D01A23298,"Call for service",0
"66e87c26-041d-f781-34c8-215b944ecfc2",D01A2754Y,"Traffic Stop",1
"66e87ce4-9bf6-f66d-6aea-215b944f9af3",D01A2899V,"Traffic Stop",1
"66e8823c-1edc-dafb-7662-215b944ecfc2",D01A2754Y,"Traffic Stop",1
"66e88561-2332-6944-e44d-215b944f9af3",D01A2899V,"Traffic Stop",1
"66e8877b-efec-383d-28b4-215b944ecfc2",D01A2754Y,"Call for service",0
"66e887db-5683-87c1-7059-215b944f9af3",D01A2899V,"Call for service",0
"66e888e1-567d-22e0-888f-215b944f7c6c",D01A2838S,"Call for service",0
"66e88f82-2261-e313-bf11-215b944be82c",D01A23298,"Call for service",0
"66e88fe3-305e-3954-b959-215b944f7c6c",D01A2838S,"Call for service",0
"66e893c6-c93c-756b-be74-215b944be82c",D01A23298,"Call for service",0
"66e89527-0f82-1e93-2a1e-215b944ecfc2",D01A2754Y,"Call for service",0
"66e89941-a278-4d13-e4df-215b944be82c",D01A23298,"Call for service",0
"66e89c14-e030-5c84-d299-215b944f9af3",D01A2899V,"Call for service",0
"66e89d6a-d66a-9891-2f68-215b944ecfc2",D01A2754Y,"Traffic Stop",1
"66e89f22-19d5-eb12-ab57-215b944f9af3",D01A2899V,"Traffic Stop",1
"66e8a1b3-ded5-5453-d5df-215b944be82c",D01A23298,"Call for service",0
"66e8a5c3-2c07-43b7-7f0e-215b944ecfc2",D01A2754Y,"Call for service",0
"66e8a5c8-b81d-679f-ee2f-215b944f9af3",D01A2899V,"Call for service",0
"66e8a985-3322-ea8d-9092-215b944ecfc2",D01A2754Y,"Arrest,Call for service",0
"66e8ba2b-74c6-6681-8824-215b94503c42",D01A2954Y,"Call for service",0
"66e8c705-ef1c-fad3-fdfe-215b94503c42",D01A2954Y,"Call for service",0
"66e8d4fa-1dd0-0e22-b4ed-215b94503c42",D01A2954Y,"Call for service",0
"66e8d652-11e8-6260-56ab-215b94503c42",D01A2954Y,"Call for service",0
"66e8d6c2-b443-75dd-fded-215b94503c42",D01A2954Y,"Call for service",0
"66e8f424-c40b-763c-3827-215b94503c42",D01A2954Y,"Call for service",0
"66e8fb28-6100-247d-5d62-215b94503c42",D01A2954Y,"Call for service",0
"66e907c6-b232-ec0a-7a7e-215b94503c42",D01A2954Y,"Arrest,Traffic Accident",0
"66e92a9d-dab5-6c8a-b26b-215b94503c42",D01A2954Y,"Call for service",0
"66e9379b-67aa-934f-2616-215b94503c42",D01A2954Y,"Traffic Stop",1
"66e94b15-6b03-525c-127a-215b94503c42",D01A2954Y,"Call for service",0
"66e953da-354f-a0cc-a445-215b944ecfc2",D01A2754Y,"Call for service",0
"66e963ec-9fbb-7f46-9f55-215b944ecfc2",D01A2754Y,"Arrest,Call for service",0
"66e963f8-0144-f717-c9a6-215b944be82c",D01A23298,"Call for service,Arrest",0
"66e96424-7554-c1e5-9e42-215b944f9af3",D01A2899V,Arrest,0
"66e96534-4dc0-742d-0e0e-215b944ecfc2",D01A2754Y,"Call for service",0
"66e96536-7939-760a-70a8-215b944be82c",D01A23298,"Call for service",0
"66e96544-ec23-c6c7-05be-215b944f9af3",D01A2899V,Arrest,0
"66e9728d-d981-6ba9-2079-215b944f9af3",D01A2899V,"Call for service,Criminal Investigation",0
"66e975b4-8563-fec8-cedf-215b944f7c6c",D01A2838S,"Call for service",0
"66e97d1c-5d4f-c2de-4bbe-215b944f7c6c",D01A2838S,"Call for service",0
"66e97e28-e6cb-fe00-7f33-215b944be82c",D01A23298,"Call for service",0
"66e98359-e10f-9023-ae50-215b944f9af3",D01A2899V,"Field Contact",0
"66e98632-f869-98b7-f7db-215b944f9af3",D01A2899V,"Criminal Investigation",0
"66e98e8c-7a5a-8aca-b681-215b944ecfc2",D01A2754Y,"Traffic Stop",1
"66e9976f-ba0c-614c-9bec-215b944ecfc2",D01A2754Y,"Arrest,Call for service",0
"66e9980a-109a-b1fe-7457-215b944f9af3",D01A2899V,Arrest,0
"66e99854-90a4-d926-2c6a-215b944f7c6c",D01A2838S,Arrest,0
"66e998bf-99f4-49a7-66dd-215b944be82c",D01A23298,"Call for service,Domestic Battery,Arrest",0
"66e9aa05-e90c-fe71-91fa-215b944f9af3",D01A2899V,"Call for service",0
"66e9abb2-db9b-9c40-24c7-215b944f7c6c",D01A2838S,"Call for service",0
"66e9b6b5-7fa7-882a-6f61-215b944f9af3",D01A2899V,"Criminal Investigation",0
"66e9bacf-6fd0-91d0-da94-215b944ecfc2",D01A2754Y,"Call for service",0
"66e9bdbe-2369-8f30-75b9-215b944f9af3",D01A2899V,"Criminal Investigation",0
"66e9c70a-f5fc-41e7-8b81-215b944ecfc2",D01A2754Y,"Call for service",0
"66e9c80e-846c-8d1e-9eeb-215b944f7c6c",D01A2838S,"Traffic Accident",0
"66e9cacc-9609-08d3-2673-215b944ecfc2",D01A2754Y,"Call for service",0
"66e9cdb4-9cde-a7f8-61aa-215b944ed040",D01A2758G,"Traffic Stop",1
"66e9d267-fa94-d826-75ae-215b944d681b",D01A2563F,"Call for service",0
"66e9d31f-d171-3c4d-bd5c-215b944d681b",D01A2563F,"Call for service",0
"66e9d3d0-280c-fc5b-a6de-215b944f7c6c",D01A2838S,"Call for service",0
"66e9d4e7-a74b-104e-49d6-215b944d681b",D01A2563F,"Field Contact",0
"66e9d4f0-b816-74f8-25e4-215b944ed040",D01A2758G,"Arrest,Field Contact",0
"66e9deb1-3fe7-4798-4211-215b944ecfc2",D01A2754Y,"Traffic Stop",1
"66e9deec-69a5-a36f-c5f7-215b944ed040",D01A2758G,"Traffic Stop",1
"66e9e5f3-5138-0a09-c746-215b944ecfc2",D01A2754Y,"Traffic Stop",1
"66e9e612-96d0-f977-d558-215b944be82c",D01A23298,"Traffic Accident",0
"66e9e8b3-9ce6-88b0-c4e8-215b944ecfc2",D01A2754Y,"Traffic Stop",1
"66e9ee39-205f-37b9-1f52-215b944ecfc2",D01A2754Y,"Traffic Accident",0
"66e9ee52-5bad-8705-44f6-215b944d681b",D01A2563F,"Call for service",0
"66e9ef02-cd1d-0ee0-5f86-215b944ed040",D01A2758G,"Arrest,Field Contact",0
"66e9ef2d-7022-a8c9-204b-215b944d681b",D01A2563F,"Call for service",0
"66e9f1d2-e3b0-24d5-0494-215b944d681b",D01A2563F,"Call for service",0
"66e9f59a-9d5f-c3d2-f1f0-215b944f9af3",D01A2899V,"Call for service",0
"66ea130f-8ff6-4d8c-f078-215b944d681b",D01A2563F,"Call for service",0
"66ea156d-3c87-bc2d-1b9e-215b944ed040",D01A2758G,"Call for service",0
"66ea16a8-e7e6-9c42-a5aa-215b944ed040",D01A2758G,"Call for service",0
"66ea2593-eb36-e7b7-6922-215b945040bf",D01A2960V,"Call for service",0
"66ea34f5-1482-2163-aa9d-215b944ed040",D01A2758G,"Traffic Stop",1
"66ea386c-01dd-313b-f01a-215b944ed040",D01A2758G,"Traffic Stop",1
"66ea3952-289e-5ecf-4154-215b94822644",D01A4796S,"Traffic Stop",1
"66ea39b5-c2b8-85be-479f-215b945040bf",D01A2960V,"Traffic Stop",1
"66ea41c8-02f6-3a27-a7f2-215b945040bf",D01A2960V,"Traffic Stop",1
"66ea420f-c24b-ac32-d92c-215b94822644",D01A4796S,"Traffic Stop",1
"66ea4bc8-2c5f-d9ab-592e-215b944d681b",D01A2563F,"Call for service",0
"66ea4bc9-116e-44ce-00b1-215b944ed040",D01A2758G,"Call for service",0
"66ea4bd6-b81b-e9cf-e22b-215b94822644",D01A4796S,"Call for service",0
"66ea58d6-d75a-3be9-0723-215b944d681b",D01A2563F,"Call for service",0
"66ea58df-4061-6200-e550-215b94822644",D01A4796S,"Call for service",0
"66ea5938-1181-1660-e5e9-215b945040bf",D01A2960V,"Call for service",0
"66ea74d6-b27f-8b2f-a123-215b94822644",D01A4796S,"Call for service",0
"66ea76df-2189-6c4d-f5ca-215b945040bf",D01A2960V,"Traffic Stop",1
"66ea79ad-7482-f3ad-b074-215b945040bf",D01A2960V,"Call for service",0
"66ea79b9-73b2-85a2-19ae-215b944d681b",D01A2563F,"Call for service",0
"66ea7a80-d347-cd27-a040-215b94822644",D01A4796S,"Call for service,Domestic Battery",0
"66eaa10f-5bf6-3b8c-5868-215b945040bf",D01A2960V,"Call for service",0
"66eaaacf-d857-198d-4a62-215b945028a4",D01A2919G,"Call for service",0
"66eaaad7-9441-1ee5-22f8-215b94822644",D01A4796S,"Call for service",0
"66eae1b3-3649-e415-f857-215b945028a4",D01A2919G,"Traffic Accident",0
"66eaefe0-09f1-8aeb-09e5-215b945028a4",D01A2919G,"Traffic Stop",1
"66eaf76a-6a3e-daff-5f0e-215b945028a4",D01A2919G,"Call for service",0
"66eafcbd-6ba8-aa6f-32e5-215b945028a4",D01A2919G,"Traffic Accident",0
"66eb00cc-51e3-d989-74af-215b945028a4",D01A2919G,"Traffic Accident",0
"66eb1aae-392e-bf54-e6c3-215b944ed040",D01A2758G,"Call for service",0
"66eb1ca9-65aa-499e-1239-215b945028a4",D01A2919G,"Traffic Accident",0
"66eb272f-44ab-167a-807f-215b945028a4",D01A2919G,"Call for service",0
"66eb2a43-0f16-6a77-a5ef-215b945028a4",D01A2919G,"Traffic Stop",1
"66eb2c85-04cd-29be-4e80-215b944b31bb",D01A2227V,"Call for service",0
"66eb2cde-c945-9e55-b382-215b945028a4",D01A2919G,"Call for service",0
"66eb3113-0353-24b4-8998-215b945028a4",D01A2919G,"Call for service",0
"66eb3124-9ae8-e87b-de20-215b944b31bb",D01A2227V,"Call for service",0
"66eb371a-2948-0b40-6a78-215b945028a4",D01A2919G,"Call for service",0
"66eb378d-e5d0-9308-ee58-215b944b31bb",D01A2227V,"Call for service",0
"66eb44fa-b785-6cc7-526f-215b945028a4",D01A2919G,"Call for service",0
"66eb4d62-bb68-a4d0-2ac8-215b945028a4",D01A2919G,"Call for service",0
"66eb4d6c-b3ca-827b-2f27-215b94822644",D01A4796S,"Call for service,Domestic Battery",0
"66eb4e80-0699-1b35-02fd-215b945040bf",D01A2960V,"Call for service",0
"66eb4f81-1e64-1f2b-1e4c-215b944d681b",D01A2563F,"Call for service",0
"66eb4feb-8e18-a099-8b04-215b94822644",D01A4796S,"Call for service,Domestic Battery",0
"66eb51a9-318d-ebef-8790-215b944b31bb",D01A2227V,"Call for service",0
"66eb52b5-7ec0-3c59-e865-215b945028a4",D01A2919G,"Call for service",0
"66eb5318-9d97-1db4-13c3-215b94822644",D01A4796S,"Call for service,Field Contact",0
"66eb5778-f387-f6c1-d8f9-215b944d681b",D01A2563F,"Call for service",0
"66eb577f-266f-191e-dca0-215b945028a4",D01A2919G,"Call for service",0
"66eb5e2a-005c-8f37-3489-215b944ed040",D01A2758G,"Traffic Stop",1
"66eb5e37-3860-190d-8cfb-215b94822644",D01A4796S,"Call for service,Traffic Stop",1
"66eb5fa8-fd08-103d-f83a-215b944ed040",D01A2758G,"Field Contact",0
"66eb5fca-78ab-0968-56e7-215b94822644",D01A4796S,"Call for service",0
"66eb6a52-84a6-9ed9-a90c-215b944ed040",D01A2758G,"Accidental Recording",0
"66eb6f2f-2840-819f-bb15-215b944ed040",D01A2758G,"Call for service",0
"66eb6f45-9177-f82e-8c2e-215b944d681b",D01A2563F,"Call for service",0
"66eb7035-5df5-679c-1c50-215b944ed040",D01A2758G,"Call for service",0
"66eb7044-2c7b-0d6e-78c5-215b94822644",D01A4796S,"Call for service",0
"66eb7263-9dd6-2eee-f271-215b94822644",D01A4796S,"Traffic Stop",1
"66eb74e1-c46f-2453-a3fb-215b94822644",D01A4796S,"Domestic Battery",0
"66eb75f3-8748-5d08-7cba-215b944ed040",D01A2758G,"Call for service",0
"66eb7c15-f160-c3bb-f287-215b945040bf",D01A2960V,"Traffic Stop",1
"66eb7e23-8eb4-904d-a5c9-215b944ed040",D01A2758G,"Traffic Stop",1
"66eb7fba-2a19-cc75-01c3-215b944ed040",D01A2758G,"Traffic Stop",1
"66eb845e-ac98-20df-e128-215b94822644",D01A4796S,"Traffic Stop",1
"66eb8464-9f9e-0942-ad07-215b944ed040",D01A2758G,"Field Contact",0
"66eb85f8-f51b-a85c-f6fb-215b94822644",D01A4796S,"Traffic Stop",1
"66eb86c9-0190-5940-745b-215b944d681b",D01A2563F,"Call for service",0
"66eb86da-6a7e-673e-0e53-215b944ed040",D01A2758G,"Call for service",0
"66eb8a4b-d747-5cf2-10c1-215b944d681b",D01A2563F,"Traffic Stop",1
"66eb8f4e-3cce-f3e8-f545-215b945040bf",D01A2960V,"Traffic Stop",1
"66eb9001-ce9d-72b0-6237-215b94822644",D01A4796S,"Traffic Stop",1
"66eb9511-cb15-b03b-d96b-215b94822644",D01A4796S,"Traffic Stop",1
"66eb9599-66b6-342f-cb9c-215b944ed040",D01A2758G,"Traffic Stop",1
"66ebb1d1-596c-a86d-86e7-215b945040bf",D01A2960V,"Traffic Stop",1
"66ebb489-9a91-6fa1-786f-215b945040bf",D01A2960V,"Call for service",0
"66ebb4cb-ee6e-4a25-850b-215b944d681b",D01A2563F,"Call for service",0
"66ebb5ed-049d-d735-be05-215b944ed040",D01A2758G,"Call for service",0
"66ebbf79-56be-b229-a11e-215b944d681b",D01A2563F,"Traffic Stop",1
"66ebc039-aafd-b0e9-6116-215b945040bf",D01A2960V,"Traffic Stop",1
"66ebc08b-2ea9-1e1d-c515-215b944ed040",D01A2758G,"Traffic Stop",1
"66ebdd9a-ca29-24b4-714a-215b944ed040",D01A2758G,"Call for service",0
"66ebde3e-b2b6-ba0d-a52f-215b945040bf",D01A2960V,"Call for service",0
"66ec0e61-820a-5c9b-bd24-215b944bec0d",D01A2330T,"Arrest,Call for service",0
"66ec0e6b-892b-34c0-ee16-215b945028a4",D01A2919G,"Call for service",0
"66ec21a2-e01b-d82b-cf77-215b945028a4",D01A2919G,"Call for service",0
"66ec280e-87c7-e42c-ca3d-215b945028a4",D01A2919G,"Call for service",0
"66ec3454-760b-a642-1043-215b944bec0d",D01A2330T,"Call for service",0
"66ec345b-397c-d600-98c8-215b944b31bb",D01A2227V,"Call for service",0
"66ec346b-5a4a-92a2-93de-215b945028a4",D01A2919G,"Call for service",0
"66ec37ee-74fc-38f6-5dfd-215b944bec0d",D01A2330T,"Call for service",0
"66ec3abb-953f-4197-1cba-215b945028a4",D01A2919G,"Call for service",0
"66ec3cae-72df-4efe-f2b1-215b944bec0d",D01A2330T,"Traffic Stop",1
"66ec43f4-2f0a-2cf1-4096-215b944bec0d",D01A2330T,"Call for service",0
"66ec4420-98b2-9624-db8a-215b944b31bb",D01A2227V,"Call for service",0
"66ec4509-e93c-2c38-f13c-215b945028a4",D01A2919G,"Call for service",0
"66ec472d-1bfa-868b-0d1a-215b944b31bb",D01A2227V,"Call for service",0
"66ec4a05-9614-ed55-629a-215b945028a4",D01A2919G,"Call for service",0
"66ec4a96-0496-07be-4a22-215b944bec0d",D01A2330T,"Traffic Accident",0
"66ec4ab4-1036-2020-018e-215b944b31bb",D01A2227V,"Call for service",0
"66ec4cd9-cdb4-b5e0-850d-215b944bec0d",D01A2330T,"Traffic Stop",1
"66ec4cde-d3c5-0330-25c6-215b944b31bb",D01A2227V,"Call for service",0
"66ec50b2-ee87-bc57-c702-215b944bec0d",D01A2330T,"Traffic Stop",1
"66ec50d3-389a-e8e7-7f0b-215b945028a4",D01A2919G,"Call for service",0
"66ec5b9f-69df-aeac-7fb8-215b945028a4",D01A2919G,"Call for service",0
"66ec5bac-b720-8388-1db6-215b944b31bb",D01A2227V,"Call for service",0
"66ec6d8b-d302-f62f-64ac-215b944bec0d",D01A2330T,"Call for service",0
"66ec756c-e29b-17f5-c0e5-215b945028a4",D01A2919G,"Call for service",0
"66ec7573-183f-94ce-4020-215b944bec0d",D01A2330T,"Call for service",0
"66ec757b-3eac-75f6-430b-215b944b31bb",D01A2227V,"Call for service",0
"66ec7829-d003-394a-26d6-215b944bec0d",D01A2330T,"Call for service",0
"66ec7d98-e5ee-2dba-f098-215b945028a4",D01A2919G,"Call for service",0
"66ec7db1-0ef8-8b00-7928-215b944ebc24",D01A2719G,Arrest,0
"66ec7db4-daab-d2f1-a8ee-215b944f95b6",D01A2888M,Arrest,0
"66ec7dce-886e-e733-a439-215b945028a4",D01A2919G,"Call for service",0
"66ec7dec-83ab-1f3b-55a3-215b944bec0d",D01A2330T,"Arrest,Domestic Battery",0
"66ec8bfb-58d4-b45a-627f-215b945028a4",D01A2919G,"Call for service",0
"66eca23a-4e85-f1cd-ae08-215b94503c42",D01A2954Y,"Call for service",0
"66ecba0d-6de9-a840-f529-215b94503c42",D01A2954Y,"Call for service",0
"66ecbbfc-92f7-6093-1f37-215b944a9942",D01A2183M,"Call for service",0
"66ecbdd4-4358-22a5-49f4-215b94503c42",D01A2954Y,"Call for service",0
"66ecc365-18f7-ee45-d103-215b94503c42",D01A2954Y,"Call for service",0
"66ecc394-1f01-514a-91ae-215b944a9942",D01A2183M,"Call for service",0
"66eccb87-f78c-da4c-ad08-215b94503c42",D01A2954Y,"Call for service",0
"66ecd7b7-4cc2-2190-38b7-215b944a9942",D01A2183M,"Call for service",0
"66ecf3b8-d706-ac7a-70cf-215b94503c42",D01A2954Y,"Call for service",0
"66ed6032-78da-0cd3-bd5a-215b944ecfc2",D01A2754Y,"Call for service",0
"66ed76d2-9d70-e62f-dc63-215b944d6849",D01A2564P,"Call for service",0
"66ed772b-8dc1-63f0-ef82-215b944f9af3",D01A2899V,"Call for service",0
"66ed8300-40ee-aaa3-a82b-215b944ecfc2",D01A2754Y,"Traffic Accident",0
"66ed8353-c937-08f8-c1d9-215b944d6849",D01A2564P,"Traffic Accident",0
"66ed8f4b-76d7-eaa0-6cf4-215b944ecfc2",D01A2754Y,"Traffic Stop",1
"66ed8fab-0eff-7d54-13fe-215b944f7c6c",D01A2838S,"Traffic Stop",1
"66ed8fe7-83ec-ecbe-77d0-215b944d6849",D01A2564P,"Traffic Stop",1
"66ed93e3-e1ac-c836-3187-215b944ecfc2",D01A2754Y,"Call for service",0
"66ed98cf-c1ac-d1d2-fc57-215b944d6849",D01A2564P,"Call for service",0
"66ed98e6-0959-756a-7396-215b944f9af3",D01A2899V,"Call for service",0
"66ed9912-7aeb-aa0b-89f2-215b944be82c",D01A23298,"Call for service",0
"66ed991a-7ea2-a3a5-841a-215b944ecfc2",D01A2754Y,"Call for service",0
"66ed9ae0-b63c-faae-87ec-215b944ecfc2",D01A2754Y,"Call for service",0
"66ed9ae7-a150-7541-fe27-215b944d6849",D01A2564P,"Call for service",0
"66ed9aec-6cb4-700d-5dbd-215b944be82c",D01A23298,"Call for service",0
"66ed9fde-6655-5656-2615-215b944ecfc2",D01A2754Y,"Call for service",0
"66eda03d-1595-d042-928c-215b944ecfc2",D01A2754Y,"Traffic Stop",1
"66eda825-4d3d-bb22-9008-215b944f7c6c",D01A2838S,"Civilian Complaint",0
"66edae0f-f68e-e01f-0d53-215b944be82c",D01A23298,"Call for service,Arrest",0
"66edae4e-cddd-30aa-daac-215b94822644",D01A4796S,Arrest,0
"66edb42d-302e-0460-2efd-215b944f9af3",D01A2899V,"Traffic Stop",1
"66edb623-bfb2-35a9-e660-215b944be82c",D01A23298,"Traffic Stop",1
"66edb65a-efc3-d40f-18d0-215b944ecfc2",D01A2754Y,"Call for service",0
"66edb801-7046-d996-cad3-215b944be82c",D01A23298,"Call for service",0
"66edb912-c495-e8fc-ed50-215b944f9af3",D01A2899V,"Call for service",0
"66edc407-02cb-3ce1-a8f9-215b944f9af3",D01A2899V,"Traffic Stop",1
"66edc80e-33c9-bfb2-336c-215b944f9af3",D01A2899V,"Call for service",0
"66edc824-f078-342e-85a7-215b944ecfc2",D01A2754Y,"Call for service",0
"66edc840-cc38-6a37-0b24-215b944be82c",D01A23298,"Call for service",0
"66edc88b-4daf-0f35-2a51-215b94822644",D01A4796S,"Call for service",0
"66edc8fa-dcb1-d4b6-e190-215b944f7c6c",D01A2838S,"Call for service",0
"66edca6b-2823-ff33-4d64-215b94822644",D01A4796S,"Call for service",0
"66edce71-d735-abfc-143f-215b944f9af3",D01A2899V,"Call for service",0
"66edd097-800e-e813-191a-215b944ecfc2",D01A2754Y,"Call for service",0
"66edd458-6679-7451-47cc-215b944be82c",D01A23298,"Call for service",0
"66edd6cd-9783-fbdd-50bf-215b944be82c",D01A23298,"Call for service",0
"66edd7b6-2894-0059-d1ab-215b944f9af3",D01A2899V,"Traffic Stop",1
"66eddd01-12a1-f268-77bb-215b944f9af3",D01A2899V,"Call for service",0
"66ede089-eacb-a965-21e8-215b944ecfc2",D01A2754Y,"Traffic Accident",0
"66ede0d9-1743-16f8-dc9d-215b944be82c",D01A23298,"Traffic Accident,Call for service",0
"66ede196-8670-e264-f6ef-215b944f9af3",D01A2899V,"Call for service",0
"66ede785-a9ef-521d-e289-215b944f9af3",D01A2899V,"Call for service",0
"66ede79a-98bc-33e4-b43a-215b944d6849",D01A2564P,"Call for service",0
"66ede7b2-f11a-cde8-085f-215b944ecfc2",D01A2754Y,"Call for service",0
"66ede7ea-9674-963c-254c-215b944be82c",D01A23298,"Call for service",0
"66ede84e-9ea1-2688-7053-215b944f7c6c",D01A2838S,"Call for service",0
"66ede992-6e60-338a-74de-215b944ecfc2",D01A2754Y,"Call for service",0
"66ede994-844a-fb2c-ed9c-215b944f9af3",D01A2899V,"Call for service",0
"66ede99e-8a2f-e375-e029-215b944be82c",D01A23298,"Call for service",0
"66eded41-7f9f-8a66-24e4-215b944be82c",D01A23298,"Call for service,Traffic Accident",0
"66eded59-7cf2-e28b-fa54-215b944ecfc2",D01A2754Y,"Traffic Accident",0
"66edf2de-052d-ac1d-9873-215b94503c42",D01A2954Y,"Call for service",0
"66ee0eb6-b878-bf63-f579-215b944be82c",D01A23298,"Call for service",0
"66ee1499-10d9-0143-a7ad-215b944a9942",D01A2183M,"Accidental Recording",0
"66ee1499-486e-1507-4f95-215b945028a4",D01A2919G,"Accidental Recording",0
"66ee1499-bcde-593b-2416-215b944bec0d",D01A2330T,"Accidental Recording",0
"66ee1d9f-7189-cf1a-95fc-215b944bec0d",D01A2330T,"Call for service",0
"66ee22cf-a1de-c0c0-53ab-215b944bec0d",D01A2330T,"Call for service",0
"66ee22eb-915c-2215-8d7e-215b945028a4",D01A2919G,"Call for service",0
"66ee23fa-a229-0b79-2211-215b94503c42",D01A2954Y,"Traffic Stop",1
"66ee24ed-9c29-27fb-b75f-215b944be82c",D01A23298,"Call for service",0
"66ee2a77-7519-b4ae-eeeb-215b944ebc24",D01A2719G,"Traffic Stop",1
"66ee2c64-65c3-c3c3-01fa-215b94503c42",D01A2954Y,"Call for service",0
"66ee31e5-be7d-dab2-bbb0-215b94503c42",D01A2954Y,"Call for service",0
"66ee371a-1e95-a265-7212-215b94503c42",D01A2954Y,"Call for service",0
"66ee51e5-d9ab-541c-c99c-215b94503c42",D01A2954Y,"Call for service",0
"66ee758b-0a95-b9ca-7c3c-215b94503c42",D01A2954Y,"Call for service",0
"66ee817a-1e0a-fbbd-fd0b-215b94503c42",D01A2954Y,"Call for service",0
"66ee85e2-3ab0-f1a6-c65a-215b944a9942",D01A2183M,"Call for service",0
"66eea141-65fd-a8fd-5477-215b944ecfc2",D01A2754Y,"Arrest,Call for service",0
"66eea168-6a84-ca5b-139c-215b944f9af3",D01A2899V,"Call for service",0
"66eec011-3d4f-d68e-fc7b-215b944ecfc2",D01A2754Y,"Traffic Stop",1
"66eec07f-6655-4541-86ab-215b944f9af3",D01A2899V,"Traffic Stop",1
"66eec3fb-e80d-9831-88f5-215b944ecfc2",D01A2754Y,"Traffic Stop",1
"66eec556-8b94-8ff6-5d2e-215b944ecfc2",D01A2754Y,"Call for service",0
"66eec5c0-09a8-e762-aa8d-215b944f9af3",D01A2899V,"Call for service",0
"66eec73c-df20-adcd-6ae0-215b944f9af3",D01A2899V,"Call for service",0
"66eec73e-75d2-0e67-5609-215b944ecfc2",D01A2754Y,"Call for service",0
"66eec96a-9431-13d7-665e-215b944f9af3",D01A2899V,"Traffic Stop",1
"66eecc3b-2c1d-ee4a-fc88-215b944ecfc2",D01A2754Y,"Traffic Stop",1
"66eeccaf-7ffc-7717-6059-215b944be82c",D01A23298,"Traffic Stop",1
"66eece09-6fd2-43d9-4d3a-215b944f9af3",D01A2899V,"Traffic Stop",1
"66eed751-3568-1204-93cf-215b944ecfc2",D01A2754Y,"Traffic Stop",1
"66eed804-3b1c-9772-b77b-215b944be82c",D01A23298,"Traffic Stop",1
"66eed8db-0cc0-e87d-3ddd-215b944f9af3",D01A2899V,"Traffic Stop",1
"66eeecc5-4ca4-6b48-11a6-215b944f9af3",D01A2899V,"Traffic Stop",1
"66eef540-873b-1725-40b0-215b944f9af3",D01A2899V,Arrest,0
"66eef542-e351-b0b7-7d25-215b944be82c",D01A23298,Arrest,0
"66eef54b-e0cb-fa30-6025-215b944ecfc2",D01A2754Y,"Call for service,Arrest",0
"66eefbf2-e908-00d6-c7b3-215b944be82c",D01A23298,"Call for service",0
"66eefbfc-a7f5-9eaf-db2d-215b944f9af3",D01A2899V,"Call for service",0
"66eefc3d-53ac-1496-6f37-215b944d6849",D01A2564P,"Call for service",0
"66eefea6-36ba-b170-1a7a-215b944f9af3",D01A2899V,"Call for service",0
"66ef0115-7cf9-83f8-d2de-215b944be82c",D01A23298,"Call for service",0
"66ef08b2-e6ac-16a9-828f-215b944ecfc2",D01A2754Y,"Call for service",0
"66ef0d02-46c9-3203-4c28-215b944ecfc2",D01A2754Y,"Traffic Stop",1
"66ef0daf-b8f1-bef3-1f29-215b944be82c",D01A23298,"Call for service",0
"66ef1003-b01a-5610-f83f-215b944d6849",D01A2564P,Arrest,0
"66ef10cb-c153-0307-89c3-215b944ecfc2",D01A2754Y,"Traffic Accident",0
"66ef10ef-a260-3521-04e4-215b944be82c",D01A23298,"Traffic Stop",1
"66ef10f7-2ff2-884b-b93c-215b944f9af3",D01A2899V,Arrest,0
"66ef1408-f843-dd55-f6fb-215b944f9af3",D01A2899V,"Call for service",0
"66ef16f1-b126-0da4-73a8-215b944f9af3",D01A2899V,"Traffic Stop",1
"66ef1878-38a5-b1d3-74b4-215b944ecfc2",D01A2754Y,"Traffic Stop",1
"66ef1a41-b323-b33a-8840-215b944ecfc2",D01A2754Y,"Call for service",0
"66ef1a66-e26b-d03c-d5e3-215b944f9af3",D01A2899V,"Call for service",0
"66ef1e23-e9db-eead-81c0-215b944ecfc2",D01A2754Y,"Call for service",0
"66ef1e2e-e0d4-61bf-1ff4-215b944be82c",D01A23298,"Call for service",0
"66ef1e74-f74d-ce3a-1f0a-215b944f9af3",D01A2899V,"Call for service",0
"66ef217b-424a-0460-19be-215b944ecfc2",D01A2754Y,"Call for service",0
"66ef222c-b5b1-4721-a0ce-215b944f9af3",D01A2899V,"Call for service",0
"66ef2593-f0f2-78a5-66a8-215b944ecfc2",D01A2754Y,"Traffic Stop",1
"66ef290c-8c10-6504-cc87-215b944ecfc2",D01A2754Y,"Traffic Stop",1
"66ef2c00-fafc-9455-1873-215b944f9af3",D01A2899V,"Call for service",0
"66ef2ce1-8555-7d5f-b7a7-215b944ecfc2",D01A2754Y,"Call for service",0
"66ef370f-2f43-c7d6-85c7-215b944ecfc2",D01A2754Y,"Call for service",0
"66ef3949-8e4c-181d-e0cf-215b944ecfc2",D01A2754Y,"Call for service",0
"66ef395c-2559-be2e-7d97-215b944f9af3",D01A2899V,"Call for service",0
"66ef3c92-2c88-858c-7d7c-215b944f7c6c",D01A2838S,"Call for service",0
"66ef3db9-3467-50ba-ba67-215b944ecfc2",D01A2754Y,"Call for service",0
"66ef7ca3-995a-a58b-37ce-215b94503c42",D01A2954Y,"Call for service",0
"66ef8bb3-7a47-bd39-c2f5-215b94503c42",D01A2954Y,"Call for service",0
"66ef8f0e-462f-8bc7-8d54-215b94503c42",D01A2954Y,"Traffic Stop",1
"66efb136-964e-c735-4861-215b944a9942",D01A2183M,"Call for service",0
"66efb5ca-7f74-9225-a678-215b94503c42",D01A2954Y,"Call for service",0
"66efb93d-b37d-b92b-8eb3-215b944a9942",D01A2183M,"Traffic Accident",0
"66effcfc-1f60-d2a5-2b14-215b944be82c",D01A23298,"Call for service",0
"66effde1-bae5-dcf2-6d3f-215b944ecfc2",D01A2754Y,"Call for service",0
"66f00085-38b1-b259-b87c-215b944f9af3",D01A2899V,"Field Contact",0
"66f01081-ca0c-b7bc-639f-215b944f9af3",D01A2899V,"Field Contact",0
"66f01087-27cd-f8e0-2196-215b944ecfc2",D01A2754Y,"Call for service",0
"66f012f0-f6c9-c913-c580-215b944ecfc2",D01A2754Y,"Traffic Stop",1
"66f01355-4737-4e64-6f58-215b944f9af3",D01A2899V,"Traffic Stop",1
"66f01793-bcb0-ba7d-4065-215b944be82c",D01A23298,"Traffic Stop",1
"66f01933-28ad-5d8a-08d6-215b944ecfc2",D01A2754Y,"Traffic Stop",1
"66f01e59-0d3e-380f-365c-215b944ecfc2",D01A2754Y,"Traffic Stop",1
"66f01e78-8270-7868-e800-215b944be82c",D01A23298,"Traffic Stop",1
"66f027e2-0e5f-796e-1845-215b944d6849",D01A2564P,"Call for service",0
"66f02825-3150-6634-d8be-215b944be82c",D01A23298,"Call for service",0
"66f029f5-a01c-4ee0-2ab6-215b944ecfc2",D01A2754Y,"Call for service",0
"66f038e1-e511-b7ee-5dc1-215b944ecfc2",D01A2754Y,"Call for service",0
"66f03e8e-fa81-1d40-4f19-215b944ecfc2",D01A2754Y,"Call for service",0
"66f03ea6-7467-0ec0-2ee8-215b944f9af3",D01A2899V,"Traffic Stop",1
"66f041b4-d9fe-8fe4-8a63-215b944ecfc2",D01A2754Y,"Traffic Stop",1
"66f044cf-31fc-7949-6cd8-215b944ecfc2",D01A2754Y,"Call for service",0
"66f046bb-97c3-8229-3389-215b944ecfc2",D01A2754Y,"Traffic Stop",1
"66f046c1-62f2-ca41-37fb-215b944f9af3",D01A2899V,"Traffic Stop",1
"66f04a91-18f6-8d07-c2ee-215b944f9af3",D01A2899V,"Call for service",0
"66f05867-6b14-ba2b-59ce-215b944f9af3",D01A2899V,"Call for service",0
"66f058e5-2b0c-fa70-9b5a-215b944ecfc2",D01A2754Y,"Call for service",0
"66f058e7-7c47-06f7-20aa-215b944be82c",D01A23298,"Call for service",0
"66f05996-0384-96eb-1be0-215b944ecfc2",D01A2754Y,"Call for service",0
"66f05eda-dff2-690c-6ba5-215b944f9af3",D01A2899V,"Traffic Stop",1
"66f05eda-f897-7810-297b-215b944ecfc2",D01A2754Y,"Traffic Stop",1
"66f06168-c618-49f8-0d6b-215b944be82c",D01A23298,"Call for service",0
"66f06573-39fc-c5bc-b2c2-215b944ecfc2",D01A2754Y,"Traffic Stop",1
"66f065dd-0c68-498d-b4a8-215b944f9af3",D01A2899V,"Traffic Stop",1
"66f06a87-477c-f904-35d4-215b944f9af3",D01A2899V,"Call for service",0
"66f06c54-b0c5-4ba6-718b-215b944f9af3",D01A2899V,"Traffic Stop",1
"66f06d03-db35-38c9-de9c-215b944be82c",D01A23298,"Traffic Stop",1
"66f07431-1ece-28ba-9cac-215b944f9af3",D01A2899V,"Call for service",0
"66f07450-c88b-e2e0-c0e9-215b944be82c",D01A23298,"Arrest,Call for service",0
"66f08710-8eed-2ff2-87e9-215b944ecfc2",D01A2754Y,"Traffic Stop",1
"66f09229-3e67-b3f8-5c80-215b944f7c6c",D01A2838S,"Call for service",0
"66f0927c-bb3d-679f-b897-215b944ecfc2",D01A2754Y,"Call for service",0
"66f0a441-c569-6481-3788-215b94822644",D01A4796S,"Arrest,Field Contact",0
"66f0a546-aad4-135d-fee5-215b944d681b",D01A2563F,"Call for service",0
"66f0a550-626b-51ea-a143-215b945040bf",D01A2960V,"Call for service",0
"66f0a555-65b2-6f20-6a08-215b944b5456",D01A2291Y,"Arrest,Field Contact",0
"66f0a97b-0a85-623b-d8b9-215b945040bf",D01A2960V,"Call for service",0
"66f0aac9-5464-482d-474d-215b944d681b",D01A2563F,"Call for service",0
"66f0b587-1209-d1c5-a979-215b945040bf",D01A2960V,"Call for service",0
"66f0b58b-1837-a819-00f8-215b944ed040",D01A2758G,"Call for service",0
"66f0b5d8-d6fa-a64b-7339-215b944d681b",D01A2563F,"Call for service",0
"66f0c355-5fc7-d165-29eb-215b944ed040",D01A2758G,"Call for service",0
"66f0c5d3-07dd-3bf4-ff01-215b945040bf",D01A2960V,"Call for service",0
"66f0cca7-f272-1921-a389-215b944ed040",D01A2758G,"Traffic Stop",1
"66f0cdaa-7d76-b90c-bbb9-215b944d681b",D01A2563F,"Call for service",0
"66f0cdaa-a80d-b98e-0a12-215b94822644",D01A4796S,"Call for service",0
"66f0ce2b-5827-30f4-cc3e-215b944ed040",D01A2758G,"Call for service",0
"66f0e075-e6a5-2feb-b841-215b94822644",D01A4796S,"Traffic Stop",1
"66f0e1e9-30c5-d250-8104-215b944d681b",D01A2563F,"Call for service",0
"66f0e2d9-2435-dbd7-dcbb-215b944d681b",D01A2563F,"Traffic Stop",1
"66f0e393-3911-4d2c-4bf3-215b944d681b",D01A2563F,"Field Contact",0
"66f0eccc-3995-3879-8bc1-215b944d681b",D01A2563F,"Call for service",0
"66f0ed4a-2d27-30d1-c493-215b945040bf",D01A2960V,"Call for service",0
"66f0ed4a-f0f3-acac-4e4b-215b944ed040",D01A2758G,"Call for service",0
"66f0ed7d-8500-bb79-d328-215b94822644",D01A4796S,"Call for service",0
"66f0f321-f4b6-a10a-606b-215b944d681b",D01A2563F,"Traffic Stop",1
"66f0f4cb-df87-0515-8c16-215b944d681b",D01A2563F,"Traffic Stop",1
"66f0f79b-f732-c615-71a8-215b944d681b",D01A2563F,"Call for service",0
"66f0fee4-b4e8-aeeb-84db-215b944d681b",D01A2563F,"Traffic Stop",1
"66f0feed-dc9b-1472-3b38-215b944ed040",D01A2758G,"Traffic Stop",1
"66f10422-ac04-30fd-27bd-215b944ed040",D01A2758G,"Call for service",0
"66f11e00-d53e-d207-b022-215b944ed040",D01A2758G,"Traffic Stop",1
"66f11fef-4795-6eea-ae6a-215b944ed040",D01A2758G,"Traffic Stop",1
"66f12043-3003-12e3-c2e4-215b944d681b",D01A2563F,"Traffic Stop",1
"66f12142-59eb-139e-befe-215b945040bf",D01A2960V,"Traffic Stop",1
"66f129fb-a4ee-c8bb-40b8-215b944ed040",D01A2758G,"Call for service",0
"66f12b79-d948-c5d2-4401-215b944ed040",D01A2758G,"Call for service",0
"66f16af1-55ce-3c58-74ee-215b945028a4",D01A2919G,"Traffic Accident",0
"66f1aded-8c4e-3d11-1b41-215b944b31bb",D01A2227V,"Call for service",0
"66f1b27a-7ef1-cecb-6565-215b945028a4",D01A2919G,"Call for service",0
"66f1c4a4-a08d-5e83-b3a6-215b945028a4",D01A2919G,"Call for service",0
"66f1d7f9-3911-5031-862d-215b945028a4",D01A2919G,"Call for service",0
"66f1d977-ec12-6807-6d17-215b945028a4",D01A2919G,"Call for service",0
"66f1eba9-7826-e4b7-95bc-215b944ed040",D01A2758G,"Arrest,Field Contact",0
"66f1ebcc-eddd-169e-cb5e-215b94822644",D01A4796S,Arrest,0
"66f1f21f-cda3-6693-3619-215b944d681b",D01A2563F,"Call for service",0
"66f1f254-f2fe-d131-c3c4-215b945040bf",D01A2960V,"Call for service",0
"66f1f26e-6528-fca7-1f2f-215b944ed040",D01A2758G,"Call for service",0
"66f1f5e7-6309-d444-a495-215b945040bf",D01A2960V,"Call for service",0
"66f1f745-7b6f-7dda-3e94-215b944d681b",D01A2563F,"Call for service",0
"66f1fc46-6d23-042a-5557-215b94822644",D01A4796S,"Call for service",0
"66f1fc55-1f1b-f676-ac99-215b945040bf",D01A2960V,"Call for service",0
"66f1fccb-2c07-418d-6f7c-215b944d681b",D01A2563F,"Call for service",0
"66f1fe32-4531-5733-bbb5-215b944ed040",D01A2758G,"Traffic Accident",0
"66f2002b-b63f-c5b6-0b53-215b94822644",D01A4796S,"Traffic Stop",1
"66f2049c-4468-ea00-7a30-215b944ed040",D01A2758G,"Traffic Stop",1
"66f204c2-6bb1-1b66-a648-215b94822644",D01A4796S,"Traffic Stop",1
"66f20b08-884c-2072-01e4-215b94822644",D01A4796S,"Call for service",0
"66f20b41-cf36-b59e-9713-215b944ed040",D01A2758G,"Field Contact",0
"66f20b50-2560-92f6-2d15-215b944d681b",D01A2563F,"Call for service",0
"66f20bd6-bb79-d1e7-77c1-215b944d681b",D01A2563F,"Call for service",0
"66f21273-1dfe-de1f-a9d8-215b94822644",D01A4796S,"Call for service,Domestic Battery",0
"66f212de-767b-5e83-b598-215b944a9961",D01A2184H,"Call for service",0
"66f214c8-844e-e87c-ebe6-215b94822644",D01A4796S,"Call for service",0
"66f21f6f-16a5-9af7-b12a-215b94822644",D01A4796S,"Call for service",0
"66f2207e-b4d5-cbf9-0f36-215b944a9961",D01A2184H,"Call for service",0
"66f23782-5583-02e0-b78e-215b944d681b",D01A2563F,"Call for service",0
"66f25169-e555-ff7d-631c-215b945040bf",D01A2960V,"Call for service",0
"66f251d4-bd47-7748-df1f-215b944d681b",D01A2563F,"Call for service",0
"66f251d8-0544-7858-a84d-215b94822644",D01A4796S,"Call for service",0
"66f2539b-69a7-4a8a-6b61-215b944d681b",D01A2563F,"Traffic Stop",1
"66f25aa3-8d4a-dae5-c251-215b944d681b",D01A2563F,"Call for service",0
"66f25abd-b32e-547c-7031-215b944ed040",D01A2758G,"Call for service",0
"66f25e95-16e7-65ae-763c-215b944d681b",D01A2563F,"Field Contact",0
"66f269de-7b2b-0daf-58df-215b944ed040",D01A2758G,"Accidental Recording",0
"66f2d585-f274-7026-9689-215b944f8fc8",D01A2872G,"Call for service",0
"66f2ec01-ed69-8679-6cfe-215b945028a4",D01A2919G,"Call for service",0
"66f2ec24-bec5-6500-c822-215b945040bf",D01A2960V,"Call for service",0
"66f2f2cb-92a6-9a20-7c1f-215b945028a4",D01A2919G,"Call for service",0
"66f2ff8e-b9e0-09dd-8b4d-215b945028a4",D01A2919G,"Call for service",0
"66f3080f-cb71-48a4-f1ca-215b944f8fc8",D01A2872G,"Traffic Stop",1
"66f30b8e-14a6-7d09-cb5b-215b945040bf",D01A2960V,"Traffic Stop",1
"66f31d3f-2cc0-e286-b776-215b944b31bb",D01A2227V,"Call for service",0
"66f34587-804b-bba0-d716-215b944b36a4",D01A2236S,"Traffic Stop",1
"66f3776b-dd4a-1904-30e4-215b94503c42",D01A2954Y,"Call for service,Arrest",0
"66f38818-a4f7-3b4d-3264-215b94503c42",D01A2954Y,"Call for service",0
"66f3ed2e-f535-6528-e684-215b944be82c",D01A23298,"Call for service",0
"66f3ed3a-3f53-28af-d0d5-215b944ecfc2",D01A2754Y,"Call for service",0
"66f40c98-1d0c-d94a-52d2-215b944ecfc2",D01A2754Y,"Traffic Stop",1
"66f410fc-3ccb-31a2-657e-215b944ecfc2",D01A2754Y,"Traffic Stop",1
"66f43142-1449-a5db-c075-215b944ecfc2",D01A2754Y,"Traffic Stop",1
"66f435c1-42b5-53cd-9478-215b944f7c6c",D01A2838S,"Call for service",0
"66f43633-39ed-c13d-5a6a-215b944ecfc2",D01A2754Y,"Call for service",0
"66f4367b-4cee-9a99-91dd-215b94822644",D01A4796S,"Traffic Stop",1
"66f43ada-c2c4-964a-b71f-215b944be82c",D01A23298,"Call for service",0
"66f43ae2-24cf-5e8d-4fa5-215b94822644",D01A4796S,"Call for service",0
"66f43b27-b123-31c4-19ad-215b944ecfc2",D01A2754Y,"Call for service",0
"66f43ff2-7d55-2c07-5c4d-215b944ecfc2",D01A2754Y,"Call for service",0
"66f4401a-3022-fcb7-1e3b-215b944be82c",D01A23298,"Call for service,Arrest,Domestic Battery",0
"66f4411d-ba61-fcfe-787b-215b944ecfc2",D01A2754Y,"Call for service",0
"66f44171-d79d-6aba-b04c-215b94822644",D01A4796S,"Domestic Battery,Call for service",0
"66f441c5-505b-5cc1-4409-215b944f7c6c",D01A2838S,Arrest,0
"66f44717-91af-6dff-72b1-215b944f7c6c",D01A2838S,"Call for service",0
"66f44e6a-af2c-467e-f5ab-215b944ecfc2",D01A2754Y,"Call for service",0
"66f45155-ab64-f30e-0c62-215b944ecfc2",D01A2754Y,"Traffic Stop",1
"66f45564-f5bb-94d9-0f7f-215b944ecfc2",D01A2754Y,"Call for service",0
"66f45a0e-52e7-8f23-05de-215b944ecfc2",D01A2754Y,"Call for service",0
"66f466c1-91a0-89c9-d59a-215b944f9af3",D01A2899V,"Traffic Stop",1
"66f46977-3612-c7b1-fee9-215b944f9af3",D01A2899V,"Call for service",0
"66f46a04-0ee3-32eb-a82d-215b944ecfc2",D01A2754Y,"Call for service",0
"66f47b14-6bc3-a5e6-5f99-215b944f9af3",D01A2899V,"Call for service",0
"66f47e20-18cb-a5cb-ae5e-215b944f9af3",D01A2899V,"Arrest,Call for service",0
"66f47e33-e5a2-d31c-a4f1-215b944ecfc2",D01A2754Y,"Arrest,Call for service",0
"66f47f20-b377-4370-49a3-215b944be82c",D01A23298,"Arrest,Call for service,Criminal Investigation",0
"66f47f59-dda3-e779-abf7-215b944d6849",D01A2564P,Arrest,0
"66f47f66-8e6c-2cb2-1eae-215b944f7c6c",D01A2838S,Arrest,0
"66f488ab-65b4-0c3f-dee0-215b944f9af3",D01A2899V,"Criminal Investigation",0
"66f48925-c672-470d-6ae2-215b944ecfc2",D01A2754Y,"Call for service",0
"66f48c88-f6e6-5031-8649-215b944f7c6c",D01A2838S,"Call for service",0
"66f49a5f-bacb-5c14-eaf8-215b94503c42",D01A2954Y,"Use of Force,Arrest,Call for service",0
"66f50c04-1cd0-8467-667f-215b94503c42",D01A2954Y,"Call for service",0
"66f50cbd-db84-a361-0675-215b94503c42",D01A2954Y,"Call for service",0
"66f51029-b261-e42b-881e-215b94503c42",D01A2954Y,"Call for service",0
"66f51f6c-57b5-1600-34b9-215b94503c42",D01A2954Y,"Call for service",0
"66f54db0-e4c6-7414-bc0e-215b944f7c6c",D01A2838S,"Traffic Accident",0
"66f551b5-4693-3268-4213-215b944be82c",D01A23298,"Call for service",0
"66f55665-32b7-7c4b-1d06-215b944f9af3",D01A2899V,"Call for service",0
"66f569f6-5621-7ccc-1662-215b944f9af3",D01A2899V,"Call for service",0
"66f57a43-703b-f21b-bff7-215b944f9af3",D01A2899V,"Call for service",0
"66f57b00-03d0-2de1-ed90-215b944ecfc2",D01A2754Y,"Call for service",0
"66f58f90-acaf-0097-ac2e-215b944be82c",D01A23298,"Field Contact",0
"66f590e0-c658-8621-c6ee-215b944f9af3",D01A2899V,"Criminal Investigation",0
"66f5941f-4b58-42b7-bca5-215b944ecfc2",D01A2754Y,"Call for service",0
"66f594de-ceaa-bfed-5ca3-215b944be82c",D01A23298,"Call for service",0
"66f596bb-c424-e0d2-e581-215b944be82c",D01A23298,"Call for service",0
"66f596cd-f3d2-23f1-8612-215b944ecfc2",D01A2754Y,"Traffic Stop",1
"66f597dd-55c5-f30b-30f0-215b944be82c",D01A23298,"Call for service",0
"66f59ae3-c1ea-e2d8-91fb-215b944be82c",D01A23298,"Call for service",0
"66f59cdc-f9ad-b40c-4642-215b944ecfc2",D01A2754Y,"Traffic Stop",1
"66f5a29b-dc70-2dac-45ed-215b944be82c",D01A23298,"Arrest,Call for service",0
"66f5a745-704b-2323-a761-215b944ecfc2",D01A2754Y,"Traffic Stop",1
"66f5a9f3-c897-05f0-bad4-215b944ecfc2",D01A2754Y,"Call for service",0
"66f5a9f6-29ff-2150-eb4c-215b944f7c6c",D01A2838S,"Call for service",0
"66f5ae72-aedf-8a80-aa20-215b944ecfc2",D01A2754Y,"Call for service",0
"66f5b7b1-af40-8af9-adc1-215b944be82c",D01A23298,"Call for service",0
"66f5b868-fb5b-0298-4569-215b944ecfc2",D01A2754Y,"Call for service",0
"66f5bb11-c5fe-97fe-6bb9-215b944ecfc2",D01A2754Y,"Traffic Stop",1
"66f5bfea-2bda-cb20-7b22-215b944ecfc2",D01A2754Y,"Call for service",0
"66f5c152-e597-0242-0ee1-215b944f9af3",D01A2899V,"Traffic Stop",1
"66f5c4de-c4ab-a0df-5aae-215b944ecfc2",D01A2754Y,"Traffic Stop",1
"66f5c4de-cd99-ec2a-b104-215b944f9af3",D01A2899V,"Traffic Stop",1
"66f5eb01-8d60-8379-5e7d-215b944ed040",D01A2758G,"Traffic Stop",1
"66f5ed3f-3f9c-ee8a-6e35-215b94822644",D01A4796S,"Call for service",0
"66f5ed43-4563-31c9-5f01-215b944ed040",D01A2758G,"Field Contact",0
"66f5f08a-11c8-577f-2267-215b944ed040",D01A2758G,"Traffic Stop",1
"66f5f0a2-2d11-b3bb-9482-215b94822644",D01A4796S,"Traffic Stop",1
"66f5f4ef-d999-a80a-25e3-215b94822644",D01A4796S,"Call for service",0
"66f5f675-4f4b-859b-4be8-215b94822644",D01A4796S,"Call for service,Domestic Battery",0
"66f5f76b-574a-b481-6321-215b944ed040",D01A2758G,"Field Contact,Arrest",0
"66f6093c-2d11-9215-6729-215b94822644",D01A4796S,"Field Contact",0
"66f61228-0583-b564-a740-215b944ed040",D01A2758G,"Call for service",0
"66f61228-4822-a6c4-6b3b-215b944d681b",D01A2563F,"Call for service",0
"66f61235-7567-a0a0-527f-215b94822644",D01A4796S,"Call for service,Domestic Battery",0
"66f6237e-33ec-b3c8-e09e-215b944ed040",D01A2758G,"Traffic Stop",1
"66f62678-db01-e6d3-1428-215b944d681b",D01A2563F,"Traffic Stop",1
"66f6271f-a412-77c7-a8bd-215b944ed040",D01A2758G,"Call for service",0
"66f627a4-f650-e968-8f06-215b94822644",D01A4796S,"Call for service",0
"66f62a35-9da1-90c3-da76-215b94822644",D01A4796S,"Field Contact",0
"66f62fb2-42aa-a000-4aad-215b944d681b",D01A2563F,"Call for service",0
"66f63555-cefb-8908-4959-215b944d681b",D01A2563F,"Field Contact",0
"66f63595-a221-e6c7-1018-215b944ed040",D01A2758G,"Call for service",0
"66f63965-9180-6183-d6de-215b944ed040",D01A2758G,"Call for service",0
"66f63ddb-5cc4-2b2c-29b6-215b944ed040",D01A2758G,"Call for service",0
"66f63dea-5698-de5e-d688-215b944d681b",D01A2563F,"Call for service",0
"66f678ce-5393-b403-2ee2-215b944ed040",D01A2758G,"Call for service",0
"66f68c80-00f8-77f6-7aa3-215b945028a4",D01A2919G,"Call for service",0
"66f690ea-51eb-daaa-9945-215b945028a4",D01A2919G,"Traffic Stop",1
"66f69211-3795-e384-b326-215b944bec0d",D01A2330T,"Call for service",0
"66f69393-79e7-2c40-169f-215b945028a4",D01A2919G,"Call for service",0
"66f69516-8333-79ac-d960-215b944b31bb",D01A2227V,"Call for service",0
"66f69a62-e7cb-af39-8b6a-215b945028a4",D01A2919G,"Call for service",0
"66f6abca-9caf-7753-e90d-215b944f8fc8",D01A2872G,"Call for service",0
"66f6b239-783a-e7cb-8417-215b944bec0d",D01A2330T,"Call for service",0
"66f6b284-92e5-eba9-960f-215b944f7b49",D01A2830P,"Call for service",0
"66f6b2c2-a954-9d0c-5d81-215b945028a4",D01A2919G,"Call for service",0
"66f6b3bd-cc90-fd75-cb1e-215b944bec0d",D01A2330T,"Call for service",0
"66f6b3f4-72cb-4b0c-edf7-215b944f7b49",D01A2830P,"Call for service",0
"66f6b9bf-5e1c-48db-0bf2-215b944b31bb",D01A2227V,"Traffic Stop",1
"66f6b9df-f3c1-c288-6074-215b944bec0d",D01A2330T,"Call for service",0
"66f6c6d1-5d64-2de7-975a-215b944bec0d",D01A2330T,"Call for service",0
"66f6c724-d8dc-1e46-5c15-215b944f7b49",D01A2830P,"Traffic Stop",1
"66f6ccd1-92d1-bf81-9ab3-215b944bec0d",D01A2330T,"Call for service",0
"66f6d251-8365-273d-f6e5-215b945028a4",D01A2919G,"Accidental Recording",0
"66f6d445-1285-a8ee-9b32-215b945028a4",D01A2919G,"Accidental Recording",0
"66f6d59e-be65-a052-619f-215b945028a4",D01A2919G,"Call for service",0
"66f6e340-0cbf-c8c6-2148-215b945028a4",D01A2919G,"Traffic Stop",1
"66f6e9fd-e42c-c9da-f745-215b944f7b49",D01A2830P,"Traffic Stop",1
"66f6ee53-d29e-7235-e576-215b945028a4",D01A2919G,"Call for service",0
"66f6f2c2-9f90-6bd2-80ca-215b945028a4",D01A2919G,"Call for service",0
"66f6f5d7-ff42-0859-e3e3-215b944f7b49",D01A2830P,"Call for service",0
"66f6fad4-12c2-5db3-66da-215b945028a4",D01A2919G,"Traffic Accident",0
"66f6fad7-94c5-d695-b596-215b944d77b8",D01A2596G,"Traffic Stop",1
"66f6ff63-ac95-5654-97cd-215b944be82c",D01A23298,"Arrest,Traffic Stop",1
"66f700c5-5f3c-57b8-dc8b-215b945028a4",D01A2919G,"Call for service",0
"66f706c1-ae02-0244-8c77-215b944f7b49",D01A2830P,Arrest,0
"66f7086f-b167-d724-3f22-215b944b31bb",D01A2227V,"Traffic Stop",1
"66f708ef-f16c-e875-1998-215b945028a4",D01A2919G,Arrest,0
"66f71068-1d7d-c73b-eb43-215b945028a4",D01A2919G,"Traffic Accident",0
"66f712fe-962f-ca9d-cfbc-215b944d681b",D01A2563F,"Call for service",0
"66f726a4-4e76-20c6-8a5e-215b945028a4",D01A2919G,"Call for service",0
"66f72ade-4655-496f-d9d3-215b944bec0d",D01A2330T,"Call for service",0
"66f72def-0c5e-af4e-0ce6-215b944d681b",D01A2563F,"Call for service",0
"66f72e04-7d1a-0d0b-32d2-215b944ed040",D01A2758G,"Call for service",0
"66f73057-c8e8-bb3e-aa9f-215b94822644",D01A4796S,"Call for service",0
"66f73fbf-9b97-b132-4478-215b94822644",D01A4796S,"Call for service",0
"66f741ac-65e5-7f40-22ea-215b944ed040",D01A2758G,"Call for service",0
"66f74389-eab1-e68d-158d-215b94822644",D01A4796S,"Traffic Stop",1
"66f74b33-931b-ab1c-85c3-215b944d681b",D01A2563F,Arrest,0
"66f74d90-f5f7-28fb-3caf-215b944ed040",D01A2758G,"Call for service",0
"66f74da2-d0cc-0021-46d8-215b94822644",D01A4796S,"Call for service,Domestic Battery",0
"66f7525e-e5a4-52d2-41ee-215b944ed040",D01A2758G,"Call for service",0
"66f753fd-5342-034d-997b-215b944ed040",D01A2758G,"Call for service",0
"66f75a5d-215c-f1b6-cd37-215b944ed040",D01A2758G,"Call for service",0
"66f771b3-cb9b-f948-c06a-215b94822644",D01A4796S,"Traffic Stop",1
"66f77f3e-4ee2-d696-dd2c-215b94822644",D01A4796S,"Call for service",0
"66f78316-af63-63ce-4f51-215b944ed040",D01A2758G,"Call for service",0
"66f7837a-8910-687c-85cb-215b944d681b",D01A2563F,"Call for service",0
"66f7922d-a60b-ed23-8403-215b944d681b",D01A2563F,"Call for service",0
"66f7930c-1c37-5d4d-40f6-215b944ed040",D01A2758G,"Call for service",0
"66f793c0-c7c2-61fa-5982-215b944ed040",D01A2758G,"Call for service",0
"66f793c4-c54e-6879-af82-215b944d681b",D01A2563F,"Call for service",0
"66f793c9-5230-aaf4-6a7f-215b94822644",D01A4796S,"Call for service",0
"66f79743-499d-ab98-8214-215b944d681b",D01A2563F,"Call for service",0
"66f79769-24e5-337a-60ea-215b944ed040",D01A2758G,"Call for service",0
"66f7a1b8-978f-f9e8-de32-215b944ed040",D01A2758G,"Call for service",0
"66f7a2bb-872f-0808-42e2-215b94822644",D01A4796S,"Call for service",0
"66f7dcf2-7b97-c7e1-5800-215b944bec0d",D01A2330T,"Call for service",0
"66f7f8bc-cfd3-e68d-2ba4-215b944ebc24",D01A2719G,"Field Contact",0
"66f807c6-050d-8c97-e4fa-215b944ebc24",D01A2719G,"Field Contact",0
"66f809c8-6080-6958-ddff-215b944bec0d",D01A2330T,"Traffic Stop",1
"66f80fd9-68b9-30ab-0ac6-215b944bec0d",D01A2330T,"Call for service",0
"66f81df2-0f50-41d5-fdf2-215b944be82c",D01A23298,"Call for service",0
"66f81ea3-4762-3775-bda5-215b944ebc24",D01A2719G,"Call for service",0
"66f81fff-4e82-097a-f3d8-215b944ecfc2",D01A2754Y,"Call for service",0
"66f826be-9caa-437d-a7c5-215b945028a4",D01A2919G,"Call for service",0
"66f829d2-6b26-675a-41c4-215b944ebc24",D01A2719G,"Field Contact",0
"66f82a85-b3f7-f6c1-ddfb-215b944ecfc2",D01A2754Y,"Arrest,Call for service",0
"66f82a94-6bf8-648c-f52e-215b944b31bb",D01A2227V,"Call for service",0
"66f82bd5-73f3-3849-3b9b-215b944b31bb",D01A2227V,Arrest,0
"66f82bd6-264e-aca8-1c15-215b944f8fc8",D01A2872G,"Call for service",0
"66f82be0-7a83-1513-5c52-215b944ebc24",D01A2719G,Arrest,0
"66f83109-0d93-21d4-d6a3-215b944b31bb",D01A2227V,"Call for service",0
"66f8324c-4d16-b136-2579-215b944b31bb",D01A2227V,"Call for service",0
"66f83ee0-616a-6f12-c92b-215b945028a4",D01A2919G,"Call for service",0
"66f849e5-0147-a525-deb5-215b944b31bb",D01A2227V,Arrest,0
"66f85864-9f07-5fe2-eb8b-215b944f9af3",D01A2899V,"Field Contact",0
"66f85865-69a6-fb96-2c44-215b944ecfc2",D01A2754Y,"Call for service",0
"66f85866-2cb8-c625-873d-215b944b31bb",D01A2227V,"Call for service",0
"66f8662b-8afd-e62d-82ec-215b944b31bb",D01A2227V,"Call for service",0
"66f8662b-ec98-bf22-10e9-215b944ecfc2",D01A2754Y,"Call for service",0
"66f86636-d6ef-d1ce-1f71-215b944f9af3",D01A2899V,"Field Contact",0
"66f86672-e698-de21-4843-215b944be82c",D01A23298,"Call for service",0
"66f86806-e7ab-542f-c6cf-215b944bec0d",D01A2330T,"Traffic Stop",1
"66f86932-6a59-e564-e5a6-215b944f8fc8",D01A2872G,"Call for service",0
"66f86a1c-0a61-2f05-cf16-215b944bec0d",D01A2330T,"Arrest,Call for service",0
"66f86f73-31c2-b456-7096-215b944f9af3",D01A2899V,"Call for service",0
"66f87085-dc21-bd7f-c8e6-215b944b31bb",D01A2227V,Arrest,0
"66f8725a-f09e-f41a-9712-215b944ebc24",D01A2719G,"Field Contact",0
"66f887fe-b765-10f5-1f6c-215b944d681b",D01A2563F,"Field Contact",0
"66f88842-7f1f-c1d2-af85-215b944ed040",D01A2758G,"Field Contact",0
"66f888e2-ab63-e1be-4c7f-215b944d681b",D01A2563F,"Field Contact",0
"66f888e3-1993-c43d-5171-215b944ed040",D01A2758G,"Call for service",0
"66f88978-690b-327b-24d2-215b944b31bb",D01A2227V,"Call for service",0
"66f88982-0116-2baf-ebc5-215b94822644",D01A4796S,"Call for service",0
"66f88abd-9b74-c992-5c80-215b94822644",D01A4796S,"Traffic Stop",1
"66f88bce-c3f6-2ca6-35df-215b944ed040",D01A2758G,"Traffic Stop",1
"66f88efd-04c9-ed50-e2d6-215b944d681b",D01A2563F,"Call for service",0
"66f88f6c-b664-52ef-8c6e-215b944ed040",D01A2758G,"Call for service",0
"66f89413-141c-ffe2-4627-215b944d681b",D01A2563F,"Traffic Accident",0
"66f895a8-670b-e89c-3a53-215b944ed040",D01A2758G,"Call for service",0
"66f89797-f526-7243-60be-215b944ed040",D01A2758G,"Call for service",0
"66f89d6d-9420-9538-6e96-215b944d681b",D01A2563F,"Call for service",0
"66f8a127-19c9-9f43-df44-215b944d681b",D01A2563F,"Call for service",0
"66f8a16f-5702-3451-7911-215b944ed040",D01A2758G,"Call for service",0
"66f8a2cf-1c92-943a-3f10-215b944ed040",D01A2758G,"Call for service",0
"66f8bcef-c27d-9bc4-5834-215b944d681b",D01A2563F,"Call for service",0
"66f8bdd1-052a-0731-ee52-215b944ed040",D01A2758G,"Call for service",0
"66f8c2da-7cb7-b37f-4701-215b944d681b",D01A2563F,"Call for service",0
"66f8c601-9fb5-e7f1-5516-215b94822644",D01A4796S,"Call for service",0
"66f8c86c-6169-2bbb-ccfe-215b944d681b",D01A2563F,"Call for service",0
"66f8cbc9-1ec7-90ee-ce23-215b944d681b",D01A2563F,"Field Contact",0
"66f8cdc7-f6b4-96b8-cfcb-215b94822644",D01A4796S,"Traffic Stop",1
"66f909bd-36f7-891f-3540-215b944d681b",D01A2563F,"Traffic Stop",1
"66f93775-9778-439d-e1b9-215b944f7b49",D01A2830P,"Call for service",0
"66f938f1-1ca3-f572-e5ae-215b944b31bb",D01A2227V,"Call for service",0
"66f95cd4-3252-7feb-fc11-215b944f7b49",D01A2830P,"Call for service",0
"66f95d0a-a65e-3d2e-60fa-215b944bec0d",D01A2330T,"Call for service",0
"66f95d4f-d921-faf6-0054-215b944b31bb",D01A2227V,"Call for service",0
"66f9693d-2766-6f65-0f22-215b944f7b49",D01A2830P,"Call for service",0
"66f9694b-9b0c-06b8-f7bf-215b944bec0d",D01A2330T,"Call for service",0
"66f96951-4a2d-b873-6c2c-215b944b31bb",D01A2227V,"Call for service",0
"66f98e8a-6dc0-2674-8107-215b944f7b49",D01A2830P,"Call for service",0
"66f99772-b0c9-56f8-7a71-215b944b31bb",D01A2227V,"Call for service",0
"66f99943-4706-cb1c-6cb5-215b945028a4",D01A2919G,"Call for service",0
"66f9ace2-b7e6-4fae-f850-215b945028a4",D01A2919G,"Call for service",0
"66f9bf25-7e5e-2d4f-7b7c-215b944b31bb",D01A2227V,"Call for service",0
"66f9ce8a-4376-c613-cd6c-215b94503c42",D01A2954Y,"Call for service",0
"66f9d115-4a85-342c-0ce4-215b94503c42",D01A2954Y,"Call for service",0
"66f9d537-310b-8d25-6b85-215b94503c42",D01A2954Y,"Call for service",0
"66f9d56d-55bc-a8f3-b480-215b944a9942",D01A2183M,"Call for service",0
"66f9d570-3899-907a-1373-215b944d77b8",D01A2596G,"Call for service",0
"66f9d991-e79a-1d9f-90b4-215b94503c42",D01A2954Y,"Call for service",0
"66f9e5d6-0cc4-e48b-5a64-215b94503c42",D01A2954Y,"Call for service",0
"66f9e5d9-0b36-e15c-3c5e-215b944a9942",D01A2183M,"Call for service",0
"66f9e9a1-3a18-e61f-d9eb-215b94503c42",D01A2954Y,"Call for service",0
"66f9f5d5-b04d-89d1-d411-215b94503c42",D01A2954Y,"Call for service",0
"66f9f92b-2b11-4f98-55d3-215b944a9942",D01A2183M,"Call for service",0
"66f9f92c-1f1a-c78a-0f29-215b944d77b8",D01A2596G,"Call for service",0
"66f9f95d-1321-d988-59ef-215b944ebc24",D01A2719G,"Call for service",0
"66f9fa0b-8a59-a8de-55c3-215b94503c42",D01A2954Y,"Call for service",0
"66fa1411-7730-b30b-9540-215b944a9942",D01A2183M,"Call for service",0
"66fa1553-63f5-49da-72a3-215b94503c42",D01A2954Y,"Call for service",0
"66fa166d-1763-3f61-cd28-215b944d77b8",D01A2596G,"Call for service",0
"66fa16b9-eda4-7718-abfe-215b94503c42",D01A2954Y,"Call for service",0
"66fa16bd-7729-09be-87d3-215b944a9942",D01A2183M,"Call for service",0
"66fa3871-70aa-7875-0d6e-215b94503c42",D01A2954Y,"Traffic Stop",1
"66fa4f75-bb3d-9625-28f8-215b944a9942",D01A2183M,"Traffic Accident",0
"66faad30-96d1-3a7a-f8b6-215b944ecfc2",D01A2754Y,"Traffic Accident",0
"66faad40-690f-4ba8-e4d9-215b944f9af3",D01A2899V,"Call for service,Traffic Accident",0
"66faad9b-760e-7d3f-767a-215b944be82c",D01A23298,"Traffic Accident",0
"66faae64-cff2-ee71-1ec9-215b944d6849",D01A2564P,"Traffic Accident",0
"66fabdd8-5c94-f197-c52a-215b944ecfc2",D01A2754Y,"Call for service",0
"66fac303-3659-f100-2b23-215b944ecfc2",D01A2754Y,"Call for service",0
"66fac9c9-c5dc-ca63-ed6e-215b944ecfc2",D01A2754Y,"Call for service",0
"66facdce-c571-5f88-b21c-215b944ecfc2",D01A2754Y,"Call for service",0
"66fad578-4067-0040-62c0-215b944f9af3",D01A2899V,"Call for service",0
"66fad979-2965-8fd3-3f5c-215b944ecfc2",D01A2754Y,"Call for service,Arrest",0
"66fadeb9-2478-20af-8496-215b944f9af3",D01A2899V,"Call for service",0
"66faf9f7-17b2-9683-32ef-215b944bec0d",D01A2330T,"Call for service",0
"66fafcf8-c7f3-106b-af13-215b944bec0d",D01A2330T,"Traffic Stop,Arrest",1
"66fafead-65b9-215b-dcb2-215b944be82c",D01A23298,"Arrest,Traffic Stop",1
"66fb0155-6385-a6f2-564c-215b944f9af3",D01A2899V,"Call for service",0
"66fb05a4-8b9f-5abe-4257-215b944f9af3",D01A2899V,"Call for service",0
"66fb05ee-5cad-286e-16df-215b944d6849",D01A2564P,Arrest,0
"66fb0650-314c-3e23-3e9f-215b944f9af3",D01A2899V,"Call for service",0
"66fb0652-0f5e-ba0a-aaa1-215b944f7c6c",D01A2838S,Arrest,0
"66fb065f-f860-62a1-2665-215b944be82c",D01A23298,"Call for service",0
"66fb0664-f04f-bb56-0ad7-215b944bec0d",D01A2330T,"Call for service",0
"66fb0728-93ae-640a-8f54-215b944bec0d",D01A2330T,"Call for service",0
"66fb07d9-94de-3a76-ddce-215b944be82c",D01A23298,"Arrest,Call for service",0
"66fb0c0a-f67f-f604-744a-215b944be82c",D01A23298,"Call for service",0
"66fb1630-ac36-d924-97a5-215b944bec0d",D01A2330T,"Traffic Stop",1
"66fb394d-83d7-7e8f-a888-215b94503c42",D01A2954Y,"Call for service",0
"66fb3e3e-729a-d6cd-1c40-215b94503c42",D01A2954Y,"Call for service",0
"66fb47df-9bee-14a4-eb9b-215b94503c42",D01A2954Y,"Call for service",0
"66fb4b95-fe12-309f-f3d8-215b94503c42",D01A2954Y,"Call for service",0
"66fb8240-e118-da41-e083-215b94503c42",D01A2954Y,"Call for service",0
"66fb8277-f984-41fd-0cd5-215b944ebc24",D01A2719G,"Call for service",0
"66fb8302-ab8c-649c-200c-215b944a9942",D01A2183M,"Call for service,Criminal Investigation",0
"66fb8318-81c5-9096-3a84-215b94503c42",D01A2954Y,"Call for service",0
"66fb8827-9aab-2ca2-37b4-215b94503c42",D01A2954Y,"Call for service",0
"66fb92ee-f5d0-fd07-a6c7-215b94503c42",D01A2954Y,"Call for service",0
"66fb947a-d307-6b63-118e-215b944d77b8",D01A2596G,"Call for service",0
"66fb947d-bf25-fc97-ec9d-215b944a9942",D01A2183M,"Criminal Investigation,Call for service",0
"66fb9710-1563-f718-31e2-215b94503c42",D01A2954Y,"Call for service",0
"66fb9846-dbc6-9566-2bfc-215b94503c42",D01A2954Y,"Call for service",0
"66fb9bab-a65b-9014-0a42-215b94503c42",D01A2954Y,"Call for service",0
"66fba068-f12c-520d-c825-215b944ebc24",D01A2719G,"Traffic Stop",1
"66fbf123-9d51-045d-42b8-215b944ecfc2",D01A2754Y,"Call for service",0
"66fbf15d-69b0-7765-5fe6-215b944be82c",D01A23298,"Call for service",0
"66fbf305-b796-c78b-6bd2-215b944be82c",D01A23298,"Call for service",0
"66fbf311-0aee-659a-26cc-215b944ecfc2",D01A2754Y,"Call for service",0
"66fbf5a3-2d69-24d9-fa79-215b944f7c6c",D01A2838S,"Traffic Accident",0
"66fbf615-e6d4-41be-e06b-215b944ecfc2",D01A2754Y,"Call for service",0
"66fbf61b-82cb-be1b-ba19-215b944be82c",D01A23298,"Traffic Accident",0
"66fbf9e2-66d5-0a76-9b3e-215b944ecfc2",D01A2754Y,"Traffic Stop",1
"66fc02a3-a690-077e-aab2-215b944f9af3",D01A2899V,"Call for service",0
"66fc05f9-82b3-ac0a-8553-215b944be82c",D01A23298,"Call for service",0
"66fc06aa-f983-fa0b-a8e1-215b944ecfc2",D01A2754Y,"Call for service",0
"66fc1b39-61a8-4c2f-7d45-215b944f9af3",D01A2899V,"Call for service",0
"66fc1b6d-f402-7c95-e23c-215b944be82c",D01A23298,"Call for service",0
"66fc1bc7-3533-7c0e-64de-215b944ecfc2",D01A2754Y,"Call for service",0
"66fc2122-1c4a-216f-cb2e-215b944ecfc2",D01A2754Y,"Call for service",0
"66fc21b2-05fc-cf50-7577-215b944f9af3",D01A2899V,"Traffic Accident",0
"66fc223e-6889-d3f4-225b-215b944d6849",D01A2564P,"Traffic Accident",0
"66fc2346-1662-6eee-9b10-215b944ecfc2",D01A2754Y,"Traffic Accident",0
"66fc29f6-b9f0-36a3-cc7c-215b944f9af3",D01A2899V,"Traffic Accident",0
"66fc2aa8-ee98-3b9f-2719-215b944f7c6c",D01A2838S,Arrest,0
"66fc2ab7-7a47-af3e-e410-215b944d6849",D01A2564P,Arrest,0
"66fc32e8-0114-aaac-cee5-215b944ecfc2",D01A2754Y,"Call for service",0
"66fc32f3-c514-7416-2601-215b944f7c6c",D01A2838S,"Call for service",0
"66fc3308-dd7e-59bc-3b0e-215b944f9af3",D01A2899V,"Call for service",0
"66fc332c-a904-15dc-e6fc-215b944d6849",D01A2564P,"Call for service",0
"66fc3357-ba41-0032-b6cb-215b944be82c",D01A23298,"Call for service,Domestic Battery",0
"66fc348b-e9ea-edef-e170-215b944ecfc2",D01A2754Y,"Call for service",0
"66fc3677-e1de-8a21-568e-215b944f7c6c",D01A2838S,"Call for service",0
"66fc36f4-b71e-e9c6-a4a3-215b944be82c",D01A23298,"Call for service",0
"66fc48c8-46a2-303c-9515-215b944ecfc2",D01A2754Y,"Traffic Stop",1
"66fc4b98-6f08-3d21-39ce-215b944ecfc2",D01A2754Y,"Call for service",0
"66fc581d-d86c-8df3-2165-215b944ecfc2",D01A2754Y,"Traffic Stop",1
"66fc5f90-f06d-4463-bab8-215b944f9af3",D01A2899V,"Call for service",0
"66fc6424-689c-9aac-7d4a-215b944ecfc2",D01A2754Y,"Call for service",0
"66fc6ab9-cef5-1153-520b-215b944be82c",D01A23298,"Call for service",0
"66fc6adb-4571-da3a-f30f-215b944ecfc2",D01A2754Y,"Call for service",0
"66fc702d-3255-491c-bf09-215b944ecfc2",D01A2754Y,"Call for service",0
"66fc703c-7884-1381-615d-215b944f9af3",D01A2899V,"Call for service",0
"66fc77f1-5784-99cb-c980-215b944ed040",D01A2758G,"Call for service",0
"66fc828b-f0d1-e91a-6c15-215b944ed040",D01A2758G,"Call for service",0
"66fc8e8e-c70d-1eec-02fa-215b944ed040",D01A2758G,"Traffic Stop",1
"66fc8eb7-7dc2-28ef-2bbf-215b94822644",D01A4796S,"Traffic Stop",1
"66fc9619-bfe1-2507-bd06-215b944d681b",D01A2563F,"Call for service",0
"66fc96c3-f173-8f44-84f8-215b94822644",D01A4796S,"Traffic Stop",1
"66fc9762-64e0-ad5b-1fc8-215b944ed040",D01A2758G,"Call for service",0
"66fc9976-6b0f-8bfc-4ba2-215b945040bf",D01A2960V,"Call for service",0
"66fca2ee-aa2f-d5ba-829a-215b944d681b",D01A2563F,"Traffic Stop",1
"66fcad3a-1539-474c-c3e0-215b944d681b",D01A2563F,Arrest,0
"66fcadcb-65a3-a676-71f5-215b944ed040",D01A2758G,"Field Contact",0
"66fcadd2-819f-b731-ca02-215b94822644",D01A4796S,Arrest,0
"66fcb5b4-5879-4508-ddd3-215b944ed040",D01A2758G,"Call for service",0
"66fcbaa7-437a-f411-5c98-215b94822644",D01A4796S,"Call for service",0
"66fcbbd3-43b2-5a55-65b9-215b944ed040",D01A2758G,"Call for service",0
"66fce7c5-6fd1-c0db-5c70-215b944d681b",D01A2563F,"Traffic Stop",1
"66fcfb4f-752a-f67d-55ad-215b945040bf",D01A2960V,"Call for service",0
"66fd2fde-2168-0f6c-70c0-215b944b31bb",D01A2227V,"Call for service",0
"66fd301c-efeb-2d42-119f-215b945028a4",D01A2919G,"Call for service",0
"66fd30dc-3043-7b32-0d79-215b944b31bb",D01A2227V,"Call for service",0
"66fd35fa-7dc6-21a1-8fda-215b944b31bb",D01A2227V,"Call for service",0
"66fd36e8-d50c-cca6-88d6-215b945028a4",D01A2919G,"Traffic Stop",1
"66fd39fb-c84f-a5fb-fed4-215b944bec0d",D01A2330T,"Traffic Stop",1
"66fd3c9f-f709-6caf-517b-215b944b31bb",D01A2227V,"Call for service",0
"66fd3cbf-80d8-b287-a618-215b945028a4",D01A2919G,"Call for service",0
"66fd3cc0-f39b-2cbe-6ab9-215b944bec0d",D01A2330T,"Call for service",0
"66fd4061-44e2-472f-234e-215b945028a4",D01A2919G,"Call for service",0
"66fd44bd-c25a-906e-0a59-215b945028a4",D01A2919G,"Call for service",0
"66fd489c-6a24-3093-e675-215b944bec0d",D01A2330T,"Call for service",0
"66fd48b3-40d5-3901-3ad5-215b944b31bb",D01A2227V,"Call for service",0
"66fd5a81-6c28-9cd1-3178-215b945028a4",D01A2919G,"Call for service",0
"66fd5ddf-88c2-41dc-c954-215b944bec0d",D01A2330T,"Call for service",0
"66fd61ad-a546-90d8-48f2-215b945028a4",D01A2919G,"Call for service",0
"66fd754c-d338-daf2-16e0-215b945028a4",D01A2919G,"Call for service",0
"66fd766a-a8cb-a214-a4ed-215b944bec0d",D01A2330T,"Traffic Stop",1
"66fd767a-b3f6-c84e-6d34-215b944f7b49",D01A2830P,"Traffic Stop",1
"66fd7d8d-9342-98a8-19c0-215b945028a4",D01A2919G,"Traffic Accident",0
"66fd8287-bed5-74c5-2891-215b944bec0d",D01A2330T,"Traffic Stop",1
"66fd829b-b920-a29d-c78e-215b944b31bb",D01A2227V,"Call for service",0
"66fd832d-36ea-18c5-07b1-215b944f7b49",D01A2830P,"Call for service",0
"66fd85ae-201b-acfb-6056-215b944b31bb",D01A2227V,"Call for service",0
"66fd85ea-0a85-653f-cf9a-215b944bec0d",D01A2330T,"Call for service",0
"66fd88e0-828a-30d8-7bf2-215b945028a4",D01A2919G,"Call for service",0
"66fd8f09-7e36-fe43-abc0-215b944bec0d",D01A2330T,"Traffic Stop",1
"66fd8f22-cb1b-1c7c-f201-215b944f7b49",D01A2830P,Arrest,0
"66fd904d-318d-0e95-5813-215b945028a4",D01A2919G,"Call for service",0
"66fd90db-9aa1-9f1e-5a78-215b944bec0d",D01A2330T,"Arrest,Call for service",0
"66fd922a-5f2f-f26f-2aaf-215b944bec0d",D01A2330T,"Arrest,Call for service",0
"66fd96aa-34c0-e8eb-8207-215b945028a4",D01A2919G,"Traffic Accident",0
"66fda1f6-61f7-7e3a-fdac-215b945028a4",D01A2919G,"Call for service",0
"66fda6d9-dfc8-9e62-11ac-215b944f7b49",D01A2830P,"Traffic Stop",1
"66fdb0b9-7117-813f-46c8-215b944b31bb",D01A2227V,"Call for service",0
"66fdb424-bc8b-3caa-9d79-215b944b31bb",D01A2227V,"Traffic Stop",1
"66fdb5b2-31f2-ffd5-c7c7-215b944bec0d",D01A2330T,"Call for service",0
"66fdb79a-a2da-63b5-d902-215b944bec0d",D01A2330T,"Call for service",0
"66fdb7f1-5ac6-651f-a4e8-215b944b31bb",D01A2227V,"Call for service",0
"66fdb8b8-f599-f574-7c7e-215b944f7b49",D01A2830P,"Call for service",0
"66fdbd53-efe0-1e00-57f8-215b944bec0d",D01A2330T,"Call for service,Arrest",0
"66fdbdaa-f5e7-e775-8396-215b944f7b49",D01A2830P,Arrest,0
"66fdbfbd-a7d6-ce30-8817-215b944b31bb",D01A2227V,"Call for service",0
"66fdc030-fa02-6a36-e1b9-215b945028a4",D01A2919G,"Call for service",0
"66fdc258-6f20-8b43-cda4-215b944b31bb",D01A2227V,"Call for service",0
"66fdc6b8-43fd-68fb-2cb0-215b944bec0d",D01A2330T,"Call for service,Arrest",0
"66fdd1a9-3918-5262-61d0-215b944ed040",D01A2758G,"Traffic Stop",1
"66fdd46d-78d7-604f-cf59-215b944ed040",D01A2758G,"Traffic Stop",1
"66fdda85-9cec-0e3c-4446-215b944ed040",D01A2758G,"Arrest,Traffic Stop",1
"66fde85b-92e7-5ccf-eb6f-215b944d681b",D01A2563F,"Traffic Stop",1
"66fde861-33d3-2fd6-7541-215b944ed040",D01A2758G,"Traffic Stop",1
"66fdf89c-bf6e-a45e-e4cd-215b944d681b",D01A2563F,"Traffic Stop",1
"66fdf8e3-be6a-fc26-216e-215b944ed040",D01A2758G,"Traffic Stop",1
"66fdfcab-88f6-b359-9663-215b945040bf",D01A2960V,"Call for service",0
"66fdfecd-2115-de6e-e309-215b944d681b",D01A2563F,"Call for service",0
"66fe010f-aad8-32f7-b812-215b944ed040",D01A2758G,"Traffic Stop",1
"66fe04ce-ad09-0209-653c-215b945040bf",D01A2960V,"Traffic Stop",1
"66fe04fc-36b3-1b04-8815-215b944d681b",D01A2563F,"Traffic Stop",1
"66fe0632-e45f-e4fc-5b51-215b944d681b",D01A2563F,"Call for service",0
"66fe103d-e13f-d130-93fd-215b944d681b",D01A2563F,"Traffic Stop",1
"66fe12dc-7384-ac7c-e266-215b944ed040",D01A2758G,"Traffic Stop",1
"66fe1757-bc9d-aa27-abff-215b944d681b",D01A2563F,"Field Contact",0
"66fe1797-8e1c-b750-c3c6-215b944ed040",D01A2758G,"Field Contact",0
"66fe1c18-fe0c-8a4b-3bd3-215b945040bf",D01A2960V,"Call for service",0
"66fe228b-c103-a978-d92a-215b944d681b",D01A2563F,"Call for service",0
"66fe234d-384b-9777-cc2c-215b944d681b",D01A2563F,"Field Contact",0
"66fe2564-1ffd-0799-9d09-215b944d681b",D01A2563F,"Field Contact",0
"66fe25d4-df39-ef96-53dd-215b944ed040",D01A2758G,"Field Contact",0
"66fe271b-a1f4-7973-6be5-215b944ed040",D01A2758G,"Field Contact",0
"66fe3293-64f6-2a5e-503f-215b944ed040",D01A2758G,"Traffic Stop",1
"66fe346e-06d6-ab7b-fa5a-215b944d681b",D01A2563F,"Accidental Recording",0
"66fe34ce-2f6e-a44a-cc4d-215b944ed040",D01A2758G,"Traffic Stop",1
"66fe3e6c-96ca-732d-675f-215b945040bf",D01A2960V,"Call for service",0
"66fe3f50-f9d0-a0a1-9ae5-215b944d681b",D01A2563F,"Field Contact",0
"66fe3f6b-aa23-c6f8-89b1-215b944ed040",D01A2758G,"Field Contact",0
"66fec1f3-034e-e566-5c34-215b944a9942",D01A2183M,"Call for service,Arrest",0
"66fec27b-b1db-9cb7-98b6-215b944b31bb",D01A2227V,"Call for service",0
"66fec2cb-bec8-3765-909d-215b944f7b49",D01A2830P,"Call for service",0
"66fecc7e-cfc9-70cc-582d-215b944b31bb",D01A2227V,"Traffic Stop",1
"66fecf2f-320f-56ba-ae94-215b944f7b49",D01A2830P,"Traffic Stop",1
"66fed56f-e914-192e-0776-215b944b31bb",D01A2227V,"Call for service",0
"66fee2cd-10d6-2c3b-c4a4-215b945028a4",D01A2919G,"Call for service",0
"66fee2fe-7646-afa7-e7e8-215b944f7b49",D01A2830P,"Call for service",0
"66feea58-23bf-c22e-2269-215b944f7b49",D01A2830P,"Call for service",0
"66feeebb-e30e-84a3-e73e-215b944f7b49",D01A2830P,"Traffic Accident",0
"66fef07a-cbc4-9f66-da94-215b945028a4",D01A2919G,"Call for service",0
"66fef25a-27fa-6369-68b0-215b945028a4",D01A2919G,"Call for service",0
"66fef3a0-d2fd-a480-9eac-215b945028a4",D01A2919G,"Traffic Stop",1
"66fefd2a-8995-7c4a-cee9-215b944f7b49",D01A2830P,"Traffic Stop",1
"66ff006a-574f-f8f0-4d20-215b944a9942",D01A2183M,"Call for service",0
"66ff0a42-1b5d-4fe5-0fdf-215b945028a4",D01A2919G,"Traffic Stop",1
"66ff0d0b-438a-1478-a231-215b944b31bb",D01A2227V,"Accidental Recording",0
"66ff13a7-f2ac-ce4a-1b3e-215b944f7b49",D01A2830P,"Call for service",0
"66ff13e6-74eb-c390-ffcd-215b944a9942",D01A2183M,"Call for service",0
"66ff1709-5b5a-3db8-e63d-215b944f7b49",D01A2830P,"Traffic Stop",1
"66ff1b4e-626b-530b-d137-215b94503c42",D01A2954Y,"Call for service",0
"66ff23c5-33d6-0ff8-53ca-215b94503c42",D01A2954Y,"Call for service",0
"66ff23eb-759b-f0b2-12ad-215b944f7b49",D01A2830P,"Traffic Stop",1
"66ff2d71-cccc-4207-bc64-215b94503c42",D01A2954Y,"Call for service",0
"66ff2dd1-3191-fc78-f509-215b94503c42",D01A2954Y,"Call for service",0
"66ff2ff4-fb47-e60e-7eaa-215b94503c42",D01A2954Y,"Call for service",0
"66ff3005-eb66-4a76-60fb-215b944a9942",D01A2183M,"Call for service",0
"66ff3791-e099-2966-d370-215b944f7b49",D01A2830P,"Traffic Stop",1
"66ff3928-40d4-0055-8d4c-215b944f7b49",D01A2830P,"Call for service",0
"66ff394d-a036-25bc-4711-215b94503c42",D01A2954Y,"Call for service",0
"66ff3b14-84a6-6fe7-7786-215b94503c42",D01A2954Y,"Call for service",0
"66ff3c05-0acc-9c6d-7cff-215b944f7b49",D01A2830P,"Traffic Stop",1
"66ff43ae-251f-e976-0a2d-215b944f7b49",D01A2830P,"Accidental Recording,Call for service",0
"66ff45d0-fb55-7822-d92c-215b944a9942",D01A2183M,"Call for service",0
"66ff46ef-d036-6a9c-edcc-215b94503c42",D01A2954Y,"Call for service",0
"66ff4890-b722-0e27-f3da-215b94503c42",D01A2954Y,"Call for service",0
"66ff587c-414c-a3b4-443c-215b94503c42",D01A2954Y,"Call for service",0
"66ff58ca-afb6-a371-243d-215b944a9942",D01A2183M,"Call for service",0
"66ff5ca5-97cf-623a-8dcd-215b94503c42",D01A2954Y,"Call for service,Traffic Stop",1
"66ff6638-0c7c-8e2a-3ce0-215b944a9942",D01A2183M,"Call for service",0
"66ff669d-40da-68bf-9f1f-215b944ebc24",D01A2719G,"Field Contact",0
"66ff834e-e1cc-0c9f-5fa9-215b944d77b8",D01A2596G,"Call for service",0
"66ff835b-8884-6bf2-b2bd-215b944a9942",D01A2183M,"Call for service",0
"66ff9e1b-3d56-d734-6db7-215b94503c42",D01A2954Y,"Call for service",0
"66ffd645-3a6e-cbbf-535e-215b944be82c",D01A23298,"Call for service",0
"66ffd75a-9d65-3805-b850-215b944ecfc2",D01A2754Y,"Call for service",0
"66ffd828-14a5-284c-6753-215b944f9af3",D01A2899V,"Traffic Stop",1
"66ffdeaa-5d4f-bf98-5cf6-215b944ecfc2",D01A2754Y,"Traffic Stop",1
"66ffe130-e7e9-69f7-a1c0-215b944ecfc2",D01A2754Y,"Traffic Stop",1
"66ffeb55-141b-bd4d-e0f4-215b944ecfc2",D01A2754Y,"Call for service",0
"66ffec5d-3b12-ec75-ee82-215b944f9af3",D01A2899V,"Call for service",0
"66ffece5-0458-f9b0-8334-215b944be82c",D01A23298,"Call for service",0
"66fff66f-8c04-4357-fa77-215b944ecfc2",D01A2754Y,"Traffic Stop",1
"66fffe0f-5864-e7cc-ff80-215b944f9af3",D01A2899V,"Traffic Stop",1
"67000bc2-9fc2-403d-4484-215b944be82c",D01A23298,"Call for service",0
"67000e18-6e1a-303a-2937-215b944ecfc2",D01A2754Y,"Call for service",0
"67000fb4-1f52-1191-3388-215b944be82c",D01A23298,"Call for service",0
"67001335-f27c-88f4-1ced-215b944be82c",D01A23298,"Call for service",0
"670015d4-2a79-3dc8-0a6c-215b944b31bb",D01A2227V,"Accidental Recording",0
"67002663-b3c8-f59f-6b85-215b944ecfc2",D01A2754Y,"Call for service",0
"670035b4-b90e-3ad5-57a8-215b944ecfc2",D01A2754Y,"Call for service,Arrest",0
"670035cc-2970-5dbc-de25-215b944d6849",D01A2564P,Arrest,0
"670035f5-cac5-4a7f-ac3b-215b944b31bb",D01A2227V,Arrest,0
"67003671-dca2-09a3-ac0f-215b944be82c",D01A23298,"Arrest,Call for service,Domestic Battery",0
"67003c32-21d9-02d7-43fe-215b944f9af3",D01A2899V,"Call for service",0
"67003c86-b0a4-a4f0-7e47-215b944ecfc2",D01A2754Y,"Traffic Accident",0
"6700415c-dac0-706d-f1f9-215b944be82c",D01A23298,"Call for service",0
"6700432f-e94f-2011-0dff-215b944be82c",D01A23298,"Call for service",0
"6700450d-4952-8389-6fe8-215b944ecfc2",D01A2754Y,"Traffic Accident",0
"67004bd9-d0d0-fd28-2f1b-215b944f9af3",D01A2899V,"Call for service",0
"67004d09-a256-bb06-7e35-215b944be82c",D01A23298,"Traffic Accident,Call for service",0
"67004e53-7001-2493-2004-215b944f7b49",D01A2830P,"Traffic Stop",1
"670052e2-6510-ccce-de9a-215b944f9af3",D01A2899V,"Call for service",0
"67005699-981e-be30-16ce-215b944be82c",D01A23298,"Traffic Accident",0
"670056a7-e740-04a1-bf4a-215b944ecfc2",D01A2754Y,"Traffic Accident",0
"670056bb-26a6-3d04-93a3-215b944f9af3",D01A2899V,"Call for service",0
"670057eb-1668-004f-18d2-215b944d6849",D01A2564P,"Traffic Accident",0
"67005b05-8db2-7af9-5076-215b944ecfc2",D01A2754Y,"Traffic Stop",1
"67005cda-d2d3-fec7-8fe5-215b944f7b49",D01A2830P,"Traffic Stop",1
"67005fa6-6544-2560-9a81-215b944ecfc2",D01A2754Y,"Call for service",0
"6700603f-de65-9320-0143-215b944f7b49",D01A2830P,"Traffic Stop",1
"670060cc-6a77-961b-a33f-215b944ecfc2",D01A2754Y,"Traffic Stop",1
"670062cb-3bcf-6960-095e-215b944b31bb",D01A2227V,"Traffic Stop",1
"6700746a-e277-f1f2-27bf-215b94503c42",D01A2954Y,"Call for service",0
"67007477-c3dc-6432-db3b-215b944d77b8",D01A2596G,"Call for service",0
"67007482-d905-c9b6-b1da-215b944a9942",D01A2183M,"Call for service",0
"670081e5-e431-4cbd-0b59-215b944d77b8",D01A2596G,"Call for service",0
"670081ed-49b3-75b7-0f8d-215b944a9942",D01A2183M,"Call for service",0
"67008318-69cd-d23e-ccdc-215b94503c42",D01A2954Y,"Call for service",0
"6700856c-e260-db75-a52e-215b944d77b8",D01A2596G,"Call for service",0
"6700857e-bb26-aaaf-8e38-215b944a9942",D01A2183M,"Call for service",0
"67008be5-5a30-fe2b-a10f-215b94503c42",D01A2954Y,"Call for service",0
"67008ced-da0b-f2cf-c1f6-215b944a9942",D01A2183M,"Traffic Stop",1
"67008d7a-2ddf-58cc-9d11-215b944be82c",D01A23298,"Call for service",0
"67009395-b853-33f5-eaf5-215b94503c42",D01A2954Y,"Call for service",0
"670095e9-623b-eddc-e62e-215b94503c42",D01A2954Y,"Call for service",0
"67009dac-9af5-280d-3b66-215b94503c42",D01A2954Y,"Call for service",0
"67009f71-9eaf-ef87-5fe7-215b94503c42",D01A2954Y,"Call for service",0
"6700a417-21c9-124c-0971-215b94503c42",D01A2954Y,"Call for service",0
"6700a703-b845-9a50-e0a8-215b94503c42",D01A2954Y,"Call for service,Criminal Investigation",0
"6700a898-b959-71fc-499c-215b944d77b8",D01A2596G,"Call for service",0
"6700b105-17f0-53cf-1518-215b944ebc24",D01A2719G,"Field Contact",0
"6700c250-cd9d-d0ec-2664-215b944a9942",D01A2183M,"Call for service",0
"6700c882-d26b-4d66-4f3f-215b944d77b8",D01A2596G,"Call for service",0
"6700c884-56e2-f9b0-75cf-215b944a9942",D01A2183M,"Arrest,Call for service",0
"6700dc7e-2993-4614-bb9d-215b944a9942",D01A2183M,"Call for service",0
"67011dc9-5621-5d7b-26dd-215b944ecfc2",D01A2754Y,"Traffic Stop",1
"67011f64-8017-599e-6e81-215b944f9af3",D01A2899V,"Field Contact",0
"67012280-5da5-e290-2147-215b944ecfc2",D01A2754Y,"Call for service",0
"67012682-ebce-0b28-3cdd-215b944d6849",D01A2564P,"Traffic Accident",0
"67012886-be7a-07aa-1efb-215b944f9af3",D01A2899V,"Field Contact",0
"67012960-b8da-eeea-2354-215b944f9af3",D01A2899V,"Criminal Investigation",0
"67012aa8-9a33-578e-0ceb-215b944ecfc2",D01A2754Y,"Traffic Stop",1
"67013c24-512d-3695-531c-215b944f9af3",D01A2899V,"Call for service",0
"67013c4b-091b-b21e-9cc6-215b944ecfc2",D01A2754Y,"Call for service",0
"6701452e-1c09-6474-fa7d-215b944f9af3",D01A2899V,"Call for service",0
"670147b4-4c00-891c-6a3c-215b944ecfc2",D01A2754Y,"Arrest,Call for service",0
"6701487c-079b-10bc-93c3-215b944f9af3",D01A2899V,Arrest,0
"67014ebe-3ffd-e6b9-6786-215b944f7c6c",D01A2838S,"Call for service",0
"6701619d-4efc-6242-9fe6-215b944f7c6c",D01A2838S,"Call for service",0
"6701713a-967e-2a0e-d3e9-215b944f7c6c",D01A2838S,"Call for service",0
"67018194-be7c-b8eb-44e6-215b944f9af3",D01A2899V,"Traffic Stop",1
"670184cc-6b89-ec95-18b1-215b944ecfc2",D01A2754Y,"Traffic Stop",1
"6701869c-1ffc-b5df-0e35-215b944f9af3",D01A2899V,"Traffic Stop",1
"670189df-f57b-5b7e-9ece-215b944ecfc2",D01A2754Y,"Traffic Stop",1
"67018bfe-c1fb-362b-2358-215b944ecfc2",D01A2754Y,"Traffic Stop",1
"67018c5e-3897-2bcd-90b1-215b944a9942",D01A2183M,"Call for service",0
"67018ef3-525f-d9c2-22ad-215b944ecfc2",D01A2754Y,"Call for service",0
"670192c0-7c50-4164-fcf9-215b944ecfc2",D01A2754Y,"Call for service",0
"67019bdb-31b2-9ba2-893e-215b944ecfc2",D01A2754Y,"Call for service",0
"67019c0a-ce4e-4921-137e-215b944d6849",D01A2564P,"Call for service",0
"67019eaa-34b1-447d-44ab-215b944ecfc2",D01A2754Y,"Traffic Stop",1
"6701a33a-fa36-c44f-faa3-215b944ecfc2",D01A2754Y,"Traffic Stop",1
"6701a6ac-c7a3-5e35-b5c3-215b944ecfc2",D01A2754Y,"Traffic Stop",1
"6701aab7-4334-d7dc-7233-215b944f7c6c",D01A2838S,"Call for service",0
"6701cdb8-aa91-d736-f36f-215b944d77b8",D01A2596G,"Call for service",0
"6701cdd0-1dcf-e82b-5428-215b944a9942",D01A2183M,"Call for service",0
"6701ce41-f40d-7572-8ae9-215b94503c42",D01A2954Y,"Call for service",0
"6702029f-a62c-8427-de0b-215b94503c42",D01A2954Y,"Call for service",0
"67024d9d-6fdb-8793-a10f-215b94503c42",D01A2954Y,"Call for service",0
"67024f58-dd90-0f1c-dcfe-215b944a9942",D01A2183M,"Call for service",0
"67025115-b1b5-dd7c-e8b6-215b94503c42",D01A2954Y,"Call for service",0
"67025b13-ce01-90bd-4937-215b94503c42",D01A2954Y,"Call for service",0
"670276ed-c8eb-ac2c-7aea-215b944ecfc2",D01A2754Y,"Call for service,Arrest",0
"67027808-331d-9c60-3ed9-215b944d6849",D01A2564P,"Call for service",0
"670280d3-3b89-8245-4459-215b944f7c6c",D01A2838S,"Call for service",0
"67028165-0a7b-e9fa-dc84-215b944d6849",D01A2564P,"Traffic Accident",0
"670281c9-6a22-bf1a-2045-215b944ecfc2",D01A2754Y,"Call for service",0
"67028e9f-ee16-c7b7-a28a-215b944f9af3",D01A2899V,"Call for service",0
"67028f2c-6a72-2826-9a5d-215b944ecfc2",D01A2754Y,"Call for service",0
"67029298-3f0e-a015-8d54-215b944ecfc2",D01A2754Y,"Traffic Stop",1
"670294be-6029-f35c-185a-215b944ecfc2",D01A2754Y,"Traffic Stop",1
"6702955c-d3ab-61e0-8406-215b944f9af3",D01A2899V,"Traffic Stop",1
"67029c54-b7a3-02d8-7a7f-215b944ecfc2",D01A2754Y,"Traffic Stop",1
"67029cd4-665b-adb7-c0a9-215b944f9af3",D01A2899V,"Traffic Stop",1
"6702a6dc-80a1-90fe-e2ab-215b944f9af3",D01A2899V,"Call for service",0
"6702aac6-41b8-91e6-5391-215b944f9af3",D01A2899V,"Call for service",0
"6702ab20-09c3-b871-d7f2-215b944ecfc2",D01A2754Y,"Call for service",0
"6702b6e8-2762-8bb9-0690-215b944f9af3",D01A2899V,"Traffic Stop",1
"6702c4a1-430e-2593-9fce-215b944ecfc2",D01A2754Y,"Traffic Stop",1
"6702c6b3-4ed0-2372-070e-215b944ecfc2",D01A2754Y,"Traffic Stop",1
"6702c6b3-7082-5450-11d4-215b944f9af3",D01A2899V,"Traffic Stop",1
"6702c790-0eea-e33b-1775-215b944ecfc2",D01A2754Y,"Call for service",0
"6702c796-4ba3-7ee1-ca22-215b944f9af3",D01A2899V,"Field Contact",0
"6702cb2b-e13a-9924-f652-215b944ecfc2",D01A2754Y,"Traffic Stop",1
"6702cfce-43cf-be1d-37ec-215b944f9af3",D01A2899V,"Call for service",0
"6702cfd4-7983-4856-c5df-215b944ecfc2",D01A2754Y,"Call for service",0
"6702d0e5-847f-9aa9-b48b-215b944ecfc2",D01A2754Y,"Traffic Stop",1
"6702d101-58c3-328d-aa98-215b944f9af3",D01A2899V,"Traffic Stop",1
"6702d3bb-cd1b-8fbc-6135-215b944f9af3",D01A2899V,"Traffic Stop",1
"6702d55d-d7b3-fa29-7fde-215b944ecfc2",D01A2754Y,"Traffic Stop",1
"6702d797-9550-ab7f-1c65-215b944ecfc2",D01A2754Y,"Traffic Stop",1
"6702da21-0b32-d4f9-1766-215b944ecfc2",D01A2754Y,"Call for service",0
"6702e870-0eab-d51e-7ffe-215b944ecfc2",D01A2754Y,"Traffic Stop",1
"6702e893-ca1d-2c74-4c1b-215b944f9af3",D01A2899V,"Traffic Stop",1
"6702ea28-8077-0048-6562-215b944d6849",D01A2564P,"Traffic Stop",1
"6702ea54-026a-7c4e-c7d1-215b944f7c6c",D01A2838S,"Call for service",0
"6702ed51-c9ab-d67c-4286-215b944ecfc2",D01A2754Y,"Call for service",0
"6702ed52-69ab-4cd8-edc5-215b944f9af3",D01A2899V,"Call for service",0
"6702f233-50c0-404e-8281-215b944ecfc2",D01A2754Y,"Traffic Stop",1
"6702f9ec-ae62-93b7-ca7b-215b944ecfc2",D01A2754Y,"Traffic Stop",1
"6702fa53-f7d4-52c5-c66f-215b944f9af3",D01A2899V,"Traffic Stop",1
"6702fd1d-4e40-33a2-c0dc-215b944ecfc2",D01A2754Y,"Call for service",0
"67031710-f364-0e81-087e-215b944ed040",D01A2758G,"Call for service",0
"67031740-51a9-13c2-0387-215b945040bf",D01A2960V,"Call for service",0
"67031b71-5f7d-f608-7da8-215b944ed040",D01A2758G,"Call for service",0
"67032687-761a-a2bd-203c-215b944ed040",D01A2758G,"Traffic Stop",1
"6703312b-64e3-318a-32bc-215b945040bf",D01A2960V,"Traffic Accident",0
"67033172-3479-b46a-6efd-215b944ed040",D01A2758G,"Call for service,Traffic Accident",0
"6703344a-4cb9-c4bf-c724-215b944d681b",D01A2563F,"Traffic Stop",1
"67033562-76bb-df4c-ddc7-215b944ed040",D01A2758G,"Call for service",0
"67033806-b3da-a251-3b1a-215b945040bf",D01A2960V,"Traffic Stop",1
"670338a0-e0c9-a0ea-5096-215b944d681b",D01A2563F,"Call for service",0
"670338f7-fa2a-d9e1-0cc8-215b944ed040",D01A2758G,"Call for service",0
"67033bf6-fe9f-6d3f-2507-215b944ed040",D01A2758G,"Traffic Stop",1
"67034413-a39d-8e52-77a9-215b944d681b",D01A2563F,"Call for service",0
"6703442e-cad6-9e2a-bbcb-215b944ed040",D01A2758G,"Field Contact",0
"6703445f-f57e-fdbd-498f-215b945040bf",D01A2960V,"Call for service",0
"67034562-e71f-8355-008a-215b944ed040",D01A2758G,"Field Contact",0
"67034b9c-2a60-c830-903c-215b945040bf",D01A2960V,"Call for service",0
"67034cd4-e4a1-fb3a-7185-215b944d681b",D01A2563F,"Call for service",0
"67034d54-2344-3581-8087-215b944ed040",D01A2758G,"Field Contact",0
"670354f3-6cfd-1f5a-4291-215b944ed040",D01A2758G,"Traffic Stop",1
"67036245-2d35-b449-f2a7-215b944ed040",D01A2758G,"Field Contact",0
"670369fc-89ab-1745-abdc-215b944ed040",D01A2758G,"Field Contact",0
"67036f67-d455-e2d2-410d-215b944ed040",D01A2758G,"Field Contact",0
"6703b1b7-f7f6-3607-cc1e-215b944bec0d",D01A2330T,SRT,0
"6703b1b9-3cba-b8a3-c963-215b944f95b6",D01A2888M,SRT,0
"6703b1bc-ad6b-0dc5-ea42-215b944ed040",D01A2758G,SRT,0
"6703b215-32e2-6df7-3e14-215b945040bf",D01A2960V,SRT,0
"6703b24f-eb3d-cc6f-7ab4-215b944d681b",D01A2563F,"Call for service",0
